매물ID,제조사,모델,등급명,세부트림,차량명,현재가격_만원,조회수,찜수,차량번호,VIN,연식_원문,연식,주행거리_원문,주행거리_km,연료,색상,지역,변속기,배기량_cc,차급,좌석수,등록번호,해시태그,실촬영문구,딜러명,상사명,판매자유형,판매중대수,판매완료대수,판매자지역,종사원증번호,진단센터명,진단센터전화,진단센터주소,압류건수,저당건수,엔카진단여부값,엔카믿고값,광고한줄문구,보험이력공개여부,보험이력건수,성능점검유형,성능점검설명,requestUrl,pageAccessToken,옵션_기본코드개수,옵션_선택코드개수,옵션_튜닝코드개수,옵션_기타개수,옵션_기본코드,옵션_선택코드,옵션_튜닝코드,옵션_기타값,주요옵션_선루프,주요옵션_헤드램프 (HID),주요옵션_주차감지센서,주요옵션_후방카메라,주요옵션_자동에어컨,주요옵션_스마트키,주요옵션_내비게이션,주요옵션_열선시트,주요옵션_통풍시트,주요옵션_가죽시트,교환_개수,판금_개수,부식_여부,성능기록부_raw,교환_여부,판금_여부,외판수리_여부,사고강도점수,보험이력_여부,사고종합_여부,중대사고_추정,부식_위험,상세링크,주요옵션_헤드램프 (LED)
40726314,쉐보레(GM대우),더 뉴 말리부,1.3 터보 LS,디럭스,더 뉴 말리부 1.3 터보 LS 디럭스,770,3140,23,27러1297,KLAZA69LDKB109449,19/03식 연형정보,2019,"65,176km",65176,가솔린,쥐색,부산,오토,1341,중형차,5.0,40726314,"#HOT,#COOL,#양호",엔카에서 촬영한 100% 실매물 차량입니다.,윤영길,제이엠모터스,매매,2,12,부산 사하구,22-051-36223,엔카진단센터 서부산점,051-204-0112,부산 사하구,0.0,0.0,-1,-1,엔카에서 촬영한 100% 실매물 차량입니다.,보험이력 6건,6.0,일반 / 엔카직영,,"/v1/readside/vehicle/40726314?include=ADVERTISEMENT,CATEGORY,CONDITION,CONTACT,MANAGE,OPTIONS,PHOTOS,SPEC,PARTNERSHIP,CENTER,VIEW",AgV4qVyIsHUM0mWU8aPP/4K81/e23hb4V+Pk6+fpVds71DEAcQACAAdFbmNhckNrAAdFbmNhckN2ABVhd3MtY3J5cHRvLXB1YmxpYy1rZXkAREErNytxT1dLSzJibTk0Q3Yya01uSERjWSt4TTQ0TEJFV05TeDlYM29KeS9OUVBKbEhLSFdlSnd4ajh3S3ArT1EyZz09AAEAB2F3cy1rbXMAUGFybjphd3M6a21zOmFwLW5vcnRoZWFzdC0yOjI3MjM2MjQ4NzY1MzprZXkvbXJrLWRmZWEyNmY3NTVhMzQ3MjliNjkwMjRkZWZmM2M1MWFjALgBAgEAeAuqQuSJvQ+Ra4FSj55FZzS0sk+00amsb3yoAFiEYn4PAeo+Np/TFeJK+mCI1w6bYOoAAAB+MHwGCSqGSIb3DQEHBqBvMG0CAQAwaAYJKoZIhvcNAQcBMB4GCWCGSAFlAwQBLjARBAzu8R2qGMi4AivvQI4CARCAO8SqY1T7Q95/eosOWCW9ju+XHTuukN49n8KlPflNXvk5FMNM7gOfgnShrk41hnqJPQU22hzNEYJtwWYlAgAAEABugJ4WFlZiqx8tB4hW+M/EYCBn2to6Ca+v3An8Bb3lDwDhsqr8B/IygGzth7M85bf/////AAAAAQAAAAAAAAAAAAAAAQAAAJ7q9jGE9LSPTFTiaTGDLA8iVkG0cpcYZpTQKSyfFmZQPz8qFjlPoz9ySIpDUHvcM0Ygw9NZ2aymOAFU/zVugC3N44QNPcX/85sAdwve4SPOVfM+ZmmFBqyWY1VcHd/oqzpy6fwhuScbAm5VjtrnudmHC1+ly04qIuhpqxlfn0G0tUhJ+RSkCUnU7h2MZiQwDMMX9mDKrXQFa6AOGMUGPJLsVCUYvdxgejXN58AwjRoAZzBlAjEA5DY3ySOfHINpgRTvF0A4j/73GTeR9sKU9mEdEbUfjaozExHWIfpSvRysEw0vlO9XAjBXN+ycWPAzRJ2aPk6YxVo4cQ1X9PXi59kdexkrxt6P+1u1TVXFtHZvklNCw5AkxE0=,30,0,0,2,"001,004,006,007,008,014,015,017,019,020,022,023,024,026,027,030,031,032,033,055,056,057,058,071,072,074,085,094,096,097",,,사제 가죽시트 | 열선시트 장착,0,0.0,1,1,1,1,0,1,0,1,6.0,0.0,0.0,교환 6 || 판금 없음 || 부식 없음,1.0,0.0,1.0,12.0,1.0,1,1.0,0.0,https://fem.encar.com/cars/detail/40726314?advClickPosition=mweb_mopre_g1_t9982&listAdvType=mpremium&type=detail&view_type=normal,
41275100,쉐보레(GM대우),더 뉴 트랙스,1.4 프리미어,,더 뉴 트랙스 1.4 프리미어,899,164,3,63가1664,KLABA76BDJB504905,17/08식 (18년형) 연형정보,2018,"89,951km",89951,가솔린,흰색,충남,오토,1362,SUV,5.0,41275100,"#양호,#HOT,#COOL",엔카 실촬영,최인철,천둥모터스,매매,25,124,충남 천안시 동남구 천안대로 522,CN24-01568,엔카진단센터 천안 구성점,041-417-0880,충남 천안시 동남구 천안대로 522,0.0,0.0,1,-1,엔카 실촬영,보험이력 3건,3.0,일반 / 엔카직영,,"/v1/readside/vehicle/41275100?include=ADVERTISEMENT,CATEGORY,CONDITION,CONTACT,MANAGE,OPTIONS,PHOTOS,SPEC,PARTNERSHIP,CENTER,VIEW",AgV4nJ3oe8CXltuN3lwdIUW4KkA8Vus8Nnx3L34s+SsHg7YAcQACAAdFbmNhckNrAAdFbmNhckN2ABVhd3MtY3J5cHRvLXB1YmxpYy1rZXkAREE4azIyQTZIVVcvdHkvQmRVT0N3NTBoSGZYMENWYlZLNDU1NXdNS2xSR1FyTkZJSmIwUEFoY1BtWDB4VFJNTXJrUT09AAEAB2F3cy1rbXMAUGFybjphd3M6a21zOmFwLW5vcnRoZWFzdC0yOjI3MjM2MjQ4NzY1MzprZXkvbXJrLWRmZWEyNmY3NTVhMzQ3MjliNjkwMjRkZWZmM2M1MWFjALgBAgEAeAuqQuSJvQ+Ra4FSj55FZzS0sk+00amsb3yoAFiEYn4PAUq7cxSZ3vxenflBX7q4v8gAAAB+MHwGCSqGSIb3DQEHBqBvMG0CAQAwaAYJKoZIhvcNAQcBMB4GCWCGSAFlAwQBLjARBAyeOaR8z5EubAGoulQCARCAOz3sgzHaVYuZ9MHPBIP/DsJ2nd8Wf2fQF+rkhAYmLlxVjwK1fAlgKgmCWbDDSlLDLqptL/1clmGAr1t8AgAAEAAQKm/+djfU8Ciz9VSVKLl2dEMNb1NRANW56LbeTKbp1VFxxdV3rHmf0BYmAciVXiT/////AAAAAQAAAAAAAAAAAAAAAQAAAJ7wHG+olBnWv3RqsLBcfH21Xc2qkUTDKmu8xJpPgbRsj6E8XjrdG0OQyjkua5GGlKBz1GMKYE3mSBqx8zJlO7QaTCUEObD1sohbeMY/vBBzG7idtZgwsrvvHXUJmnSopMJcRkH8Kzp/rX4uEEMc+p4WWTIO6LLrfm/ImK7OlBtsLvomPA/gOgk9u0JnL7OkH7/4hlR80gApcUav6xpkCLljpVksjyUttDuqCNUkH9cAZzBlAjEAxWUioZPECUXQqGQcjVT3+1glwfXoGHsYjNX06dzAPcIy74IFSkNmLnjfg15zvE+8AjAEAVLkF9jKtjFR8iY9rP8SQNgOSJR84WBDdKmRszRfYuKK5p9MA8BeQv42W1su8yY=,30,1,0,0,"001,004,006,007,008,014,015,017,019,020,021,022,024,026,027,030,031,032,033,055,056,057,058,062,068,071,072,074,096,097",1017,,,0,0.0,1,1,0,1,0,1,0,1,0.0,2.0,0.0,교환 없음 || 판금 2 || 부식 없음,0.0,1.0,1.0,2.0,1.0,1,0.0,0.0,https://fem.encar.com/cars/detail/41275100?advClickPosition=mweb_mopre_g2_t9982&listAdvType=mpremium&type=detail&view_type=checked,
41407659,쉐보레(GM대우),올란도,LPG LTZ,프리미엄,올란도 LPG LTZ 프리미엄,799,787,10,05러5002,KLAYA75ADJK001656,17/08식 (18년형) 연형정보,2018,"102,194km",102194,LPG(일반인 구입),쥐색,충남,오토,1998,RV,7.0,41407659,,완전무사고//스마트키//네비후방//열선시트//블루투스 등등!!,윤희천,드림모터스,매매,18,82,충남 천안시 서북구 번영로 608,18-041-00186,엔카진단센터 천안 오토메카,041-574-3633,충남 천안시 서북구 번영로 608,0.0,0.0,0,-1,완전무사고//스마트키//네비후방//열선시트//블루투스 등등!!,보험이력 6건,6.0,일반 / 엔카직영,,"/v1/readside/vehicle/41407659?include=ADVERTISEMENT,CATEGORY,CONDITION,CONTACT,MANAGE,OPTIONS,PHOTOS,SPEC,PARTNERSHIP,CENTER,VIEW",AgV4wIQfnXnDAtzunq2XeGC0TucF0JDYxThvFHU8KKhx7PEAcQACAAdFbmNhckNrAAdFbmNhckN2ABVhd3MtY3J5cHRvLXB1YmxpYy1rZXkAREFyelB4Rk5BSXgrRjdMR0lBU3l2MmJQYlJTY3ZIeHlYUEowMndoTUJFWkQ4Nm9ib2R3YytlWGl0Z1RxK2JyWTBHUT09AAEAB2F3cy1rbXMAUGFybjphd3M6a21zOmFwLW5vcnRoZWFzdC0yOjI3MjM2MjQ4NzY1MzprZXkvbXJrLWRmZWEyNmY3NTVhMzQ3MjliNjkwMjRkZWZmM2M1MWFjALgBAgEAeAuqQuSJvQ+Ra4FSj55FZzS0sk+00amsb3yoAFiEYn4PAVoKgSO4N33CrNvCX9fSvSwAAAB+MHwGCSqGSIb3DQEHBqBvMG0CAQAwaAYJKoZIhvcNAQcBMB4GCWCGSAFlAwQBLjARBAz2bMloZUbikt1vTJICARCAO0X4RHGQ14+uQuujc4ANLZ03CrjlShORy/t+VYWhP1uHKYnRH5kkFv0CK4pN9VuYLp3P3xv5sgS+L3tmAgAAEADeHNz2SR+0A54scH1D4nd3mSaWUcn0kv3lcEffeQ+M0K0o7SDH8PgsOOKg7TM+1Wb/////AAAAAQAAAAAAAAAAAAAAAQAAAJ6vgpkuaQM1rkAvrrF8mcA3WU08KXs/FRupgvYh620qoDSskj7J+n/xFRZr5iuX6/VCaeIfSqAxY7oAW0XnGCVVpgoWNuunQapUYV10ctHeq5CcRBFBCmFV9l9wJP0zDgoeckPmq2+BLNU2ihE0pJEIVtJTOP/CG9gUCnjbRe92mClJTf+DTXdk0RlGxVULtwzsi0SDpBNsHVH98E1t/wiGa1s00CIMtaMTjciuIKkAZzBlAjBlHquWHTAfS2dpZHryvByDdlTKgmrc28KgaQR3VmLeUgZD0Tgt/VFkp49mgz54GVYCMQCk/hIjuasWtkwuXoFz1BE9ynDRwSgmUMLamrAwG0MSwKCS9KalAYxTecx3yeuhYmw=,36,0,0,0,"001,003,005,006,007,008,014,015,017,019,020,021,022,023,024,026,027,030,031,032,033,055,056,057,058,062,063,068,071,072,074,081,085,086,096,097",,,,0,0.0,1,1,1,1,1,1,0,1,0.0,0.0,0.0,교환 없음 || 판금 없음 || 부식 없음,0.0,0.0,0.0,0.0,1.0,1,0.0,0.0,https://fem.encar.com/cars/detail/41407659?advClickPosition=mweb_mopre_g3_t9982&listAdvType=mpremium&type=detail&view_type=checked,
41430846,쉐보레(GM대우),크루즈,1.8 LT+,,크루즈 1.8 LT+,169,1476,35,42저4531,KLAJA695DDK053403,12/10식 (13년형) 연형정보,2013,"158,558km",158558,가솔린,흰색,경기,오토,1796,준중형차,5.0,41430846,"#양호,#HOT,#COOL",*사제휠*소모품관리*썬루프,주예찬,유레카,매매,8,21,경기 부천시 오정구 송내대로 450,GG24-01588,엔카진단센터 부천 서운점,032-250-7380,경기 부천시 오정구 송내대로 450,0.0,0.0,-1,-1,*사제휠*소모품관리*썬루프,보험이력 9건,9.0,일반 / 엔카직영,본 차량의 성능 점검 기록부는 판매자가 사진으로 등록했습니다.,"/v1/readside/vehicle/41430846?include=ADVERTISEMENT,CATEGORY,CONDITION,CONTACT,MANAGE,OPTIONS,PHOTOS,SPEC,PARTNERSHIP,CENTER,VIEW",AgV4Rkz/u5UJKE8YrEQBMPMNoezBjjlwRWktBLnBR3iB8hgAcQACAAdFbmNhckNrAAdFbmNhckN2ABVhd3MtY3J5cHRvLXB1YmxpYy1rZXkAREFoVVo4V1V2dENSeWtLVEhIaWlhcVVlbmlvYXN6Wk8yV0tmV0lHTC9IMnIzbTZ6aW1kWkgvNFNoNDA1cld5Sit2dz09AAEAB2F3cy1rbXMAUGFybjphd3M6a21zOmFwLW5vcnRoZWFzdC0yOjI3MjM2MjQ4NzY1MzprZXkvbXJrLWRmZWEyNmY3NTVhMzQ3MjliNjkwMjRkZWZmM2M1MWFjALgBAgEAeAuqQuSJvQ+Ra4FSj55FZzS0sk+00amsb3yoAFiEYn4PAbNB/OWn0PJpR8EPm+d2tqgAAAB+MHwGCSqGSIb3DQEHBqBvMG0CAQAwaAYJKoZIhvcNAQcBMB4GCWCGSAFlAwQBLjARBAw1vqX+16cdwUS7Oy0CARCAO2ExZez2JkgcBrPhM0bStDTYttCEP52RXftCurq4JE+gC5t8gK6x28y+pe7nr+sz7+wjQfKrwHsUtfnoAgAAEABPLOsnVemYbK6+btoUyvqNCivy6bektNI21Rx7Mr2OXotJLZAVHWucS6MpQwbjagn/////AAAAAQAAAAAAAAAAAAAAAQAAAJ5l9Zl5VhjVlX565OZ0s65UMrKLxBH6i/CTwhQsE0RJkoqtYeu3phQ3T8EPnVXppYbyNagv1NfGwuQu66gxvOboOSnKOSC+OtKvkZTU6bt5AHKyMxZ+FcPN1/pgzFgVbNh1lzPABquKpxr1NZylzdxEPUX4mgLA5j+qCY9ufC10nYUT8V9SQIEdP0x2ynb7/oJl40aC45lqcYXk/A9vrFQ781rr1EkoHNWCQWKY3OgAZzBlAjBwyGMwHTXK1Cxxo24QWysEwdHxFeaaFARCrk/THmgH4vAbWmrFL4HcHMzAmhQ8VZMCMQCCmF92RZjiPgKyu2HCHztn1wyMVo5YH2PNwInyUVNJSyMyEnX7YI7tDRR7c3XS2A0=,24,2,0,0,"001,003,006,007,008,010,014,015,017,019,022,024,026,027,030,031,032,033,055,058,068,071,074,096","1043,1004",,,1,0.0,1,1,0,0,0,1,0,1,,,,,,,,,1.0,1,,,https://fem.encar.com/cars/detail/41430846?advClickPosition=mweb_mopre_g4_t9982&listAdvType=mpremium&type=detail&view_type=normal,
40751414,쉐보레(GM대우),더 뉴 말리부,2.0 터보 프리미어,스페셜,더 뉴 말리부 2.0 터보 프리미어 스페셜,1999,1185,5,197두8767,KLAZA69XDNB551084,22/08식 연형정보,2022,"46,219km",46219,가솔린,검정색,서울,오토,1998,중형차,5.0,40751414,"#1인소유,#HOT,#COOL",*완무*1인신조*키2개*베이지시트*어댑티브크루즈*통풍/열선시트,최은미,(주)산다모터스,매매,7,42,서울 강서구,SE24-00136,엔카진단센터 강서 오토플랙스,02-2068-4223,서울 강서구,0.0,0.0,2,-1,*완무*1인신조*키2개*베이지시트*어댑티브크루즈*통풍/열선시트,보험이력 2건,2.0,일반 / 엔카직영,엔카 직영성능장에서는 69개 항목을 꼼꼼히 점검합니다. 정확한 성능점검 기록으로 타사 대비 최대 55% 성능보험료가 저렴합니다.,"/v1/readside/vehicle/40751414?include=ADVERTISEMENT,CATEGORY,CONDITION,CONTACT,MANAGE,OPTIONS,PHOTOS,SPEC,PARTNERSHIP,CENTER,VIEW",AgV4hMdzPipvnBJvKb7nChRd7fW+meDfKvb3TypgGZ2NO0gAcQACAAdFbmNhckNrAAdFbmNhckN2ABVhd3MtY3J5cHRvLXB1YmxpYy1rZXkAREE0SC8rQXYvdlVuWE1SMkpjbzNyMkRpVC9rZE9nVEJTQmtPQzNCa2wyUGxRNE1RcWZTSnMxam1kTE1nSmV0OHdFZz09AAEAB2F3cy1rbXMAUGFybjphd3M6a21zOmFwLW5vcnRoZWFzdC0yOjI3MjM2MjQ4NzY1MzprZXkvbXJrLWRmZWEyNmY3NTVhMzQ3MjliNjkwMjRkZWZmM2M1MWFjALgBAgEAeAuqQuSJvQ+Ra4FSj55FZzS0sk+00amsb3yoAFiEYn4PAVRm0nlxske00dxNaXZaGOAAAAB+MHwGCSqGSIb3DQEHBqBvMG0CAQAwaAYJKoZIhvcNAQcBMB4GCWCGSAFlAwQBLjARBAxKq9tXVZTdJhFjTmoCARCAO5cchl95tMB6W7g773q0D61hVC0oap+vhqboqMtCM1Sh2MJ9x6BajpLsVOOI7zMrnFJIx492fQe8vvbuAgAAEAD9ieLZhbuvvvZJnO2HK8SbCqUtCJ3U/dyqQQ6n0NAjdUyTFLDY3WF5B3cJfqDu/cz/////AAAAAQAAAAAAAAAAAAAAAQAAAJ5Y3iplqsWO1U6DG2Rgk4bAH0j2/7NZSbYAfotGy3dyabwoehtwWC6pPwI77GKu74UxrZ8SaJbKuygnrZD4lTlD+DmVH8SGyuUYOzZHVD0LIjVFPmsTiYIwJp3smf2t5OTv0tO2XmI8OBSU8SEgie0tWKHV1h+lPZ5Cnz5PN1/GpL33rWfzYIDQUs839l9ZuSuD4DiHJRzU5GvjKSRaS2aViQVO/LWzNpRc2hE7NYoAZzBlAjBI/FSZ8mgNV1idy6Q0E7uZtLQyRfFRqNyf/seaar6xz6Kq060s/ZbnCLA5fVVWx5ACMQC0cIWJjZuWJ1D3pSWnekCq/OcOxPjM69mZHVD3h1f4WICxvCG14uxBAF2Ot0DLFlA=,42,2,0,0,"001,004,005,006,007,008,014,015,017,019,020,021,022,023,024,026,027,030,031,032,033,034,035,051,055,056,057,058,063,071,072,074,075,077,079,081,082,085,086,094,096,097","1019,1018",,,0,,1,1,1,1,1,1,1,1,0.0,0.0,0.0,교환 없음 || 판금 없음 || 부식 없음,0.0,0.0,0.0,0.0,1.0,1,0.0,0.0,https://fem.encar.com/cars/detail/40751414?advClickPosition=mweb_mopre_g5_t9982&listAdvType=mpremium&type=detail&view_type=checked,1.0
41314236,쉐보레(GM대우),더 넥스트 스파크,LT,플러스,더 넥스트 스파크 LT 플러스,750,662,9,24도8134,,15/10식 (16년형) 연형정보,2016,"10,430km",10430,가솔린,흰색,서울,오토,999,경차,5.0,41314236,"#1인소유,#최저가,#짧은Km",1인소유.1만키로.완전무사고.비흡연.여성.출장판매가능,백창진,(주)새롬모터스,매매,17,227,서울 강서구 양천로53길 30,SN25-00383,엔카진단센터 서서울점,02-6331-6630,서울 강서구 양천로53길 30,0.0,0.0,-1,-1,1인소유.1만키로.완전무사고.비흡연.여성.출장판매가능,보험이력 0건,0.0,일반 / 엔카직영,본 차량의 성능 점검 기록부는 판매자가 사진으로 등록했습니다.,"/v1/readside/vehicle/41314236?include=ADVERTISEMENT,CATEGORY,CONDITION,CONTACT,MANAGE,OPTIONS,PHOTOS,SPEC,PARTNERSHIP,CENTER,VIEW",AgV4dBuB4jM1Suax3S5xxPmQdYMyMPd4ucV0T93IuPv8V88AcQACAAdFbmNhckNrAAdFbmNhckN2ABVhd3MtY3J5cHRvLXB1YmxpYy1rZXkAREF1dDNmei9nVkc2eUU3bVpSUjM5M3RHZUVoQVV5RUNpZHV5OHpHMFYzakg3V09pV0U2cUNoQXFGbWxPN2ZnQi80Zz09AAEAB2F3cy1rbXMAUGFybjphd3M6a21zOmFwLW5vcnRoZWFzdC0yOjI3MjM2MjQ4NzY1MzprZXkvbXJrLWRmZWEyNmY3NTVhMzQ3MjliNjkwMjRkZWZmM2M1MWFjALgBAgEAeAuqQuSJvQ+Ra4FSj55FZzS0sk+00amsb3yoAFiEYn4PAaeDr9F2hDz0u3LZYK7EVv8AAAB+MHwGCSqGSIb3DQEHBqBvMG0CAQAwaAYJKoZIhvcNAQcBMB4GCWCGSAFlAwQBLjARBAyY6isDb8ZPisS2hEcCARCAOzq0irRRfpMqQ3ETLFf2uAqk0BtpJ9Vpr1VBdzBw2RH45qftsO1rq9L/pR3OW/ikDlfic0vrf3G/+RoiAgAAEACamViLbTzmYZHLjoCjvZu3cNoMWphMFWrHlIsD/yyVRn11zTBMxjA9PReBL9QgPdH/////AAAAAQAAAAAAAAAAAAAAAQAAAJ4hx76GU8HEq70siJCxGKp1uoFeyZFCzhQeBZkz42wpbMRmUMJJOesnLNaK6tQSQpBdR6j2bcZna/x6QenTK1oIIIgLVZNol8qktbrxHBUMTi5v3Yxdr7V5Bq9hAeXz9YK+SAbuO6RO/eXUSp8i/h54WshDRwj3terM0UNtqsXj3NZYNClZ3NIgxmOJcLPAdLzVBHCePRxaSRRpVTZgdnon7h+RMoeZ/PpY6xy8qg8AZzBlAjBPbMzp7i9YNPFbNRP18XcAV8YjaydiuwR6Tg10xUtyQas4xWUcv8+1+c9wQWJoRS0CMQDn//rOnto2EsNhsLUkn6es4Uo55pwKKDWJsMT+X5madRyT9KJcs+1lP6sW/d4YKmE=,23,1,0,0,"001,005,006,007,008,014,015,017,019,020,022,024,026,027,031,032,033,055,056,058,071,072,096",1001,,,0,0.0,1,1,0,0,1,1,0,1,,,,,,,,,0.0,0,,,https://fem.encar.com/cars/detail/41314236?advClickPosition=mweb_mopre_g6_t9982&listAdvType=mpremium&type=detail&view_type=normal,
41500585,쉐보레(GM대우),볼트 EUV,레드라인,,볼트 EUV 레드라인,2790,1496,15,35루0382,1G1F66S06P4106280,23/08식 연형정보,2023,"37,894km",37894,전기,검정색,부산,오토,188,소형차,5.0,41500585,,엔카 실촬영,김성효,마이카,매매,54,185,부산 기장군 반룡산단3로 95,1905133938,엔카진단센터 부산 경동오토필드,051-728-9093,부산 기장군 반룡산단3로 95,0.0,0.0,1,-1,엔카 실촬영,보험이력 0건,0.0,일반 / 엔카직영,,"/v1/readside/vehicle/41500585?include=ADVERTISEMENT,CATEGORY,CONDITION,CONTACT,MANAGE,OPTIONS,PHOTOS,SPEC,PARTNERSHIP,CENTER,VIEW",AgV4t5yEklLuzk1KrQagXePM4CCUQVwswI0cBwEcJPaKEGoAcQACAAdFbmNhckNrAAdFbmNhckN2ABVhd3MtY3J5cHRvLXB1YmxpYy1rZXkAREErK0Z6VnlnQXBDeFBYeno0ZVlST2hSQjdsaHJMWnY3UW9JUU9oaGUxWWE1TXhodFNMR0dzUk52U3Rac3FwU3RUdz09AAEAB2F3cy1rbXMAUGFybjphd3M6a21zOmFwLW5vcnRoZWFzdC0yOjI3MjM2MjQ4NzY1MzprZXkvbXJrLWRmZWEyNmY3NTVhMzQ3MjliNjkwMjRkZWZmM2M1MWFjALgBAgEAeAuqQuSJvQ+Ra4FSj55FZzS0sk+00amsb3yoAFiEYn4PAcLFu3z1l1jJJL7eBh5mjREAAAB+MHwGCSqGSIb3DQEHBqBvMG0CAQAwaAYJKoZIhvcNAQcBMB4GCWCGSAFlAwQBLjARBAzYXEF8zp/z0SThXOACARCAO3XRjC/6hrl2lWq6yq38FQAvswquWvpwAjryVTGfRmxdzOU4lhYDaWAMW/Yk4EYMsNS/+YuV8yFH+xvOAgAAEABCgVOTYn3EUz+egCMrMXrqlwrRf0r+49Tk3e6eb4UPeLx0ggJtlPD4VZOhcedsvin/////AAAAAQAAAAAAAAAAAAAAAQAAAJ5mWFHhVfvN44vNcVonaH9maBRy2Ey1e4o075cH0SE8nKA461FKMgMmAVeZDAGjd8HZjymW3Z/iYZWnXUBwHT7la/hzDh2NeGRM5BTGKd14MbVngkmfalNQ+Ca+mgdM5CEqJyG/SPO9SGX/B5wBuV8JieSAq2DUIOrDahIIc4aXFtl3CN24QnCS9QV4Lx3IVeogTOiQd0dGM4p8SojBU/Vyj0o3VUrPhesE2pp89EwAZzBlAjEA9glVo5URXbRzppRaObk8LCA5i1vq59fKM5IcA75XDGS00kd0klxpItU8p+EsCGZOAjAdFOD1nC2RVtJNBCQw/2KwXGBE9wr6k4uu1KvrwXDfVC4lz8d59WCGiBowLCyQFxg=,39,0,0,0,"001,004,006,007,008,010,014,015,017,019,020,021,022,023,024,026,027,031,032,033,034,055,056,057,058,062,063,072,075,077,079,081,082,086,087,088,094,096,097",,,,1,,1,1,1,1,0,1,1,1,0.0,0.0,0.0,교환 없음 || 판금 없음 || 부식 없음,0.0,0.0,0.0,0.0,0.0,0,0.0,0.0,https://fem.encar.com/cars/detail/41500585?advClickPosition=mweb_mopre_g7_t9982&listAdvType=mpremium&type=detail&view_type=checked,1.0
41563642,쉐보레(GM대우),콜로라도,3.6 익스트림-X 4WD,사이드 레일,콜로라도 3.6 익스트림-X 4WD 사이드 레일,2370,280,1,94거0701,1GCGT9EN8L1123512,20/01식 연형정보,2020,"124,782km",124782,가솔린,청색,경기,오토,3649,화물차,5.0,41563642,,#1인소유#2인치업#타쿠마휠#BF32AT#액티브사운드#900이상튜닝#,서상훈,(주)삼일,매매,4,41,경기 수원시 권선구 평동로79번길 45,GC20-01437,엔카진단센터 수원 권선점,031-278-9461,경기 수원시 권선구 평동로79번길 45,0.0,0.0,0,-1,#1인소유#2인치업#타쿠마휠#BF32AT#액티브사운드#900이상튜닝#,보험이력 1건,1.0,일반 / 엔카직영,,"/v1/readside/vehicle/41563642?include=ADVERTISEMENT,CATEGORY,CONDITION,CONTACT,MANAGE,OPTIONS,PHOTOS,SPEC,PARTNERSHIP,CENTER,VIEW",AgV4+FEhoK52ijQo1EsaQWNs74aHynel9Qs8U7DVKehP1gQAcQACAAdFbmNhckNrAAdFbmNhckN2ABVhd3MtY3J5cHRvLXB1YmxpYy1rZXkAREFrRHJqZy9iYkJiaFFtSEdKTTlHZHJXbGt2WHh5RHIrNWJKQmNzdXYzaVFyQ245L3pZNzh1TDMvc3NQRWR5bms1QT09AAEAB2F3cy1rbXMAUGFybjphd3M6a21zOmFwLW5vcnRoZWFzdC0yOjI3MjM2MjQ4NzY1MzprZXkvbXJrLWRmZWEyNmY3NTVhMzQ3MjliNjkwMjRkZWZmM2M1MWFjALgBAgEAeAuqQuSJvQ+Ra4FSj55FZzS0sk+00amsb3yoAFiEYn4PASngBOLIGgv4BVtgRi9omO0AAAB+MHwGCSqGSIb3DQEHBqBvMG0CAQAwaAYJKoZIhvcNAQcBMB4GCWCGSAFlAwQBLjARBAwJMdSGv2FkBPat9yECARCAO4y6d/wjaDwZ2SSNQhXgn1lQb44qRwDqkIKA4fA57Pt8+e1effhoORrb9hS95m15cmMcOQtpxwBH/poGAgAAEABm/wFgWiS/0osVTLgWKrKs9I8FbcIjhMMnllv8aRgEtzG6nfirPNc4B8aO1VXr/A//////AAAAAQAAAAAAAAAAAAAAAQAAAJ5l8JG5ViatIMbdsCdzi+IwNPPxglX/TSAq8Li11vUsY8dZyowWJAT7xHVzPrpBMyD9RzyvBsdLIqOAKZoc6UfD6VMWYrargrJ4Ka13ALrPLSqUtW/cCltB5LnNX+41H93+YVG66TYjuGpqWQWrz3+cfIXXY/pGNDJ5YeRlBn+U2YN46+GOnpcqjBhAXQWsdgULXs5U734e1eslayWOV+4m8DhH7eWrKlxPBMnP4wsAZzBlAjAie4Cb68hMLhM1ZObwXmHSYvUgU/5RqupiAqMz8PUOfS0OlcCAi2JaWL2zTPM6wrQCMQDHUmNHD6QIz548rVfueLJQPi3EMxX/8uRq7fcjNsC/3XZfC1SMnvbz1aNDoYMlSiM=,30,0,0,0,"001,004,006,007,008,014,015,017,019,020,021,022,023,026,027,030,031,032,033,035,055,056,058,068,071,072,082,088,096,097",,,,0,0.0,1,1,1,0,0,1,0,1,0.0,0.0,0.0,교환 없음 || 판금 없음 || 부식 없음,0.0,0.0,0.0,0.0,1.0,1,0.0,0.0,https://fem.encar.com/cars/detail/41563642?advClickPosition=mweb_mopre_g8_t9982&listAdvType=mpremium&type=detail&view_type=checked,
41558812,쉐보레(GM대우),올란도,LPG 플래티넘 패키지,,올란도 LPG 플래티넘 패키지,850,229,2,62주2440,KLAYA75ADFK059311,15/09식 연형정보,2015,"69,864km",69864,LPG(일반인 구입),흰색,서울,오토,1998,RV,,41558812,,"무사고,저렴한유지비,경정비완료,넉넉한적재공간",김동욱,(주)케이아우토,매매,8,47,서울 강서구,SN2300370,엔카진단센터 서서울점,02-6331-6630,서울 강서구,0.0,0.0,1,-1,"무사고,저렴한유지비,경정비완료,넉넉한적재공간 ",보험이력 공개,,일반 / 엔카직영,,"/v1/readside/vehicle/41558812?include=ADVERTISEMENT,CATEGORY,CONDITION,CONTACT,MANAGE,OPTIONS,PHOTOS,SPEC,PARTNERSHIP,CENTER,VIEW",AgV4Y8aZRhM7H7Pw3TY/ugCSd5Tl+RFh+24RXLSkmGVlx+0AcQACAAdFbmNhckNrAAdFbmNhckN2ABVhd3MtY3J5cHRvLXB1YmxpYy1rZXkAREExQWF3VnBDY2hpaGN2b3RZNUs0WG41cUpBWUNaSzVBUDU3VnBOZHpxc0d1ak9YdW10OFNaZmcrRFVhQ2tKS09PUT09AAEAB2F3cy1rbXMAUGFybjphd3M6a21zOmFwLW5vcnRoZWFzdC0yOjI3MjM2MjQ4NzY1MzprZXkvbXJrLWRmZWEyNmY3NTVhMzQ3MjliNjkwMjRkZWZmM2M1MWFjALgBAgEAeAuqQuSJvQ+Ra4FSj55FZzS0sk+00amsb3yoAFiEYn4PAZpcabF7QjkcKIPvlKf/D7gAAAB+MHwGCSqGSIb3DQEHBqBvMG0CAQAwaAYJKoZIhvcNAQcBMB4GCWCGSAFlAwQBLjARBAzI0gWfxa9HSiwL6TECARCAO8j29w3LxXMhlHXXe2EBqsDdsE/I5NSVWve7nkUrFfgKgx0K+cFapg2obl9D7SJZKFoj2TsYaEFPCk6hAgAAEAAYSa9KH51ALxO9DZhVmR/F0JB7FwuSdtmWfNR4oaFEzvhR/p1WPpbQ22DCPrg/gS//////AAAAAQAAAAAAAAAAAAAAAQAAAJ7dr/KFPU7+9nH244FJMJwPGRCGEeyB0JSEA9+1Z99kKrlaaJzK4F0DCbMlM2Nl683j+nTl8iYOboS8GTFwuMmcBdeAdkNTktUbVLaLt1FNxyTzTi4CWKer1Htqs90ENHq5ifYm6awI0sEl9CkUoVMkLvffoLE44DKhaY3AHUCKakSYPCwONS+87htsl8f7tSnmMBTnofj1mAjbd+x8+xbMhipt2oAoqNSdiGQwluMAZzBlAjACL4NThv+ugJ0CFR5g3EXy5/5U2ghlA7LjZIqMULuQXn3InJQqrAPC8tD/3K/BwVECMQDOuR9+Gsp8jxw4fjffXmY5QMbcO7J3mmeCEFlry0cPglsIluBrYdpMWFeyLOTLfcs=,30,0,0,1,"001,003,004,006,007,008,014,015,017,019,020,022,024,026,027,030,031,032,033,055,056,057,058,062,063,068,071,072,074,096",,,사제 후방 카메라,0,0.0,1,1,0,1,0,1,0,1,0.0,0.0,0.0,교환 없음 || 판금 없음 || 부식 없음,0.0,0.0,0.0,0.0,,0,0.0,0.0,https://fem.encar.com/cars/detail/41558812?advClickPosition=mweb_mopre_g9_t9982&listAdvType=mpremium&type=detail&view_type=checked,
41387516,쉐보레(GM대우),스파크,LT,기본형,스파크 LT 기본형,299,1155,19,38무6082,KLYMA481DEC499831,14/02식 연형정보,2014,"69,460km",69460,가솔린,은색,경기,오토,995,경차,5.0,41387516,"#1인소유,#여성",1인소유용도이력없음,조민경,(주)카체인지,매매,29,148,경기 안산시 단원구,GC22-03899,엔카진단센터 안산 마트,031-413-0059,경기 안산시 단원구,0.0,0.0,-1,-1,1인소유용도이력없음,보험이력 5건,5.0,일반 / 엔카직영,,"/v1/readside/vehicle/41387516?include=ADVERTISEMENT,CATEGORY,CONDITION,CONTACT,MANAGE,OPTIONS,PHOTOS,SPEC,PARTNERSHIP,CENTER,VIEW",AgV43fNPBGElVXAFnQp2XIQinKumsRzpkNL/EVHPwxwOM50AcQACAAdFbmNhckNrAAdFbmNhckN2ABVhd3MtY3J5cHRvLXB1YmxpYy1rZXkAREFoeEY2TkRLRUs5NmRFQkp3RW5BbEJDUnovdjYxTzhsZjM4NWNvMys4OWUyTkV2UFdQTkVTTks4aVVmOEF2b1hEUT09AAEAB2F3cy1rbXMAUGFybjphd3M6a21zOmFwLW5vcnRoZWFzdC0yOjI3MjM2MjQ4NzY1MzprZXkvbXJrLWRmZWEyNmY3NTVhMzQ3MjliNjkwMjRkZWZmM2M1MWFjALgBAgEAeAuqQuSJvQ+Ra4FSj55FZzS0sk+00amsb3yoAFiEYn4PAVjPaepBWO/o6uiHEo4oouAAAAB+MHwGCSqGSIb3DQEHBqBvMG0CAQAwaAYJKoZIhvcNAQcBMB4GCWCGSAFlAwQBLjARBAzyH7C1Dh46BLWb30MCARCAO7TFu8IntWhqc5cDoLc+eLm77MFHqXV7lW54YVZreDaEIlKFLlTtlB10px4dg9cq21aUAifTdSUO5A5QAgAAEADtzJl2ZZJlhoMZZk69wj2/ZWyZbaSAJYWchfVkEwQv/HgL8U/yCj0h+kJRELtzMMz/////AAAAAQAAAAAAAAAAAAAAAQAAAJ5GUBh6PF8+UFLySqZXWshrR6k1E67aj5mh1s7qOomsK7kn+K5AHLwObi1Tq3UCxvsUGgu8wwiNssb3Sm40JePSoXVYgWZ5eFtMP5uOkg7jsPhLFaZRhmllz3WPTK4XpE/oKUKzexHPWEVzgwOFFn6mfv7l92sSHx070wZ+ol3ld4ebqVWNyOL9BbfZRlbql2Ce/prpf/wW3n26E6yotWeefBmNy4lpU9nl8w2/zVkAZzBlAjEAxAfrNOAN0+vC3qQXMogd238j8G7lIC1acTLBQwJziNrDtoS58yP99/9Z5SVEu3GBAjAjPyPIKdOgcq/he3cCDqfBiTAJiyAIu64YWwTaPI/CGdF8y8Xw83m4axX6yn+g3VU=,21,1,0,0,"001,003,004,005,006,007,008,014,015,017,020,022,026,027,031,032,058,062,071,072,096",1052,,,0,0.0,1,1,0,0,1,1,0,1,3.0,2.0,0.0,교환 3 || 판금 2 || 부식 없음,1.0,1.0,1.0,8.0,1.0,1,1.0,0.0,https://fem.encar.com/cars/detail/41387516?advClickPosition=mweb_mopre_g10_t9982&listAdvType=mpremium&type=detail&view_type=normal,
41586727,쉐보레(GM대우),크루즈,1.6 LT+,,크루즈 1.6 LT+,220,119,2,18러2921,KLAJA69EDCK534147,11/09식 (12년형) 연형정보,2012,"119,382km",119382,가솔린,쥐색,경기,오토,1598,준중형차,5.0,41586727,"#HOT,#COOL,#양호",엔카 실촬영,전제훈,주식회사 국민중고차,매매,15,42,경기 수원시 권선구 권선로 343,,엔카진단센터 수원 서둔점,010-4522-7026,경기 수원시 권선구 권선로 343,0.0,0.0,-1,-1,엔카 실촬영,보험이력 5건,5.0,일반 / 엔카직영,,"/v1/readside/vehicle/41586727?include=ADVERTISEMENT,CATEGORY,CONDITION,CONTACT,MANAGE,OPTIONS,PHOTOS,SPEC,PARTNERSHIP,CENTER,VIEW",AgV4q4Ql8FaQp46FJwSD2Im6QVnML/gTCxsfb0dpJzo/+qgAcQACAAdFbmNhckNrAAdFbmNhckN2ABVhd3MtY3J5cHRvLXB1YmxpYy1rZXkAREE0Vmxicyt0OGg2azhXNFZMdVNLVTROc0JVVkljOFVYZjFJbW5HK0RKdVVOeS80ak5xS0lCSnF3Wmk1MFhNUVJwUT09AAEAB2F3cy1rbXMAUGFybjphd3M6a21zOmFwLW5vcnRoZWFzdC0yOjI3MjM2MjQ4NzY1MzprZXkvbXJrLWRmZWEyNmY3NTVhMzQ3MjliNjkwMjRkZWZmM2M1MWFjALgBAgEAeAuqQuSJvQ+Ra4FSj55FZzS0sk+00amsb3yoAFiEYn4PASBZuG0/VbTg0Cd+MnKJfzEAAAB+MHwGCSqGSIb3DQEHBqBvMG0CAQAwaAYJKoZIhvcNAQcBMB4GCWCGSAFlAwQBLjARBAxYFwKot5y9HczCMc8CARCAO+R6Fv4yO1cUJlWBqSlu77ZwEJjbaWc8EpW8jLFH8M+/vcePAD6UtgxgV9F218dj2vD3fVIs7tPKZZXpAgAAEABHueIgmpkaGjbOcQcR8lI0pPA6ylhD3lwt8Rkr1oRr/mmi6bF9aZ8wP9xetn/1uT7/////AAAAAQAAAAAAAAAAAAAAAQAAAJ76WytY+CmnQEMnwquaw106XklGmBtEM7U/IvTd0V/mwwkSvom9Z0Eul9QbpiUfrgW2g5/HLmdROgjpNuZlDAfK9RuAd9K4UxTlRhBM3InEA3ebFbQeVFEGoQsHWhdniJxW63CCxGG4d08Q34Ccp8Mw0ujGVEO4bRdbsR0DtCwFbiXcmcv40jJQuMGWo2UwfOfclxZ98muMV58+7kMpylZRjsdBm3QJqSZO9n3uRkIAZzBlAjEAoMCGGDaJOzuaQs2v7z8Qh3+jNtAad33OpvsRfehVASB2yCy7EFGW5cQuQw0gCiejAjBqHSoae6nGGYDZ0Mx5AYir1KoeWVoUys7dhaHrrGTHuf76NTjdKVrW1I+K43NPLxM=,21,0,0,0,"001,003,006,007,008,014,015,017,022,024,026,027,030,031,032,058,068,071,072,074,096",,,,0,0.0,1,1,0,0,0,1,0,1,1.0,2.0,0.0,교환 1 || 판금 2 || 부식 없음,1.0,1.0,1.0,4.0,1.0,1,1.0,0.0,https://fem.encar.com/cars/detail/41586727?advClickPosition=mweb_mowoo_g1_t9982&listAdvType=mowoo&type=detail&view_type=normal,
41309623,쉐보레(GM대우),올란도,1.6 디젤 LT,세이프티,올란도 1.6 디젤 LT 세이프티,560,42,1,07로7614,,17/03식 연형정보,2017,"127,911km",127911,디젤,흰색,대전,오토,1598,RV,7.0,41309623,,,임익환,(주)정모터스,매매,174,1226,대전 유성구 복용동로 35,214201285,,,대전 유성구 복용동로 35,0.0,0.0,-1,-1,,보험이력 공개,,일반 / 엔카직영,,"/v1/readside/vehicle/41309623?include=ADVERTISEMENT,CATEGORY,CONDITION,CONTACT,MANAGE,OPTIONS,PHOTOS,SPEC,PARTNERSHIP,CENTER,VIEW",AgV4naViZuw9Q9kFiI7b2q1R7lFuk7WalZStskxv1ArUFXUAcQACAAdFbmNhckNrAAdFbmNhckN2ABVhd3MtY3J5cHRvLXB1YmxpYy1rZXkAREFsRDRORmxoMURZdDAxSlBMUlg2TklycnV2a0JuM1VpOFdObnROS1ZGRmYzZTc2dElYUjU3QVVSMDd2SmR4VUxpQT09AAEAB2F3cy1rbXMAUGFybjphd3M6a21zOmFwLW5vcnRoZWFzdC0yOjI3MjM2MjQ4NzY1MzprZXkvbXJrLWRmZWEyNmY3NTVhMzQ3MjliNjkwMjRkZWZmM2M1MWFjALgBAgEAeAuqQuSJvQ+Ra4FSj55FZzS0sk+00amsb3yoAFiEYn4PAa6qlk/EuRKFbsJCVv3ujqMAAAB+MHwGCSqGSIb3DQEHBqBvMG0CAQAwaAYJKoZIhvcNAQcBMB4GCWCGSAFlAwQBLjARBAwZ/e0ToHqf5+VkiYoCARCAO3SsaeAPwppAC0k3yhHmKfeRXKSSY+iDc7lTSlgW+VMHAHEIopDEs04X3bXpjoeK4Qi+/MQgjfmcaCYWAgAAEAB5e8Fk9GYR+5EL9UlMT8XnsxK8a3zM/dz78UFBayBjFm+mQv4fOuD/YWGirXQYw0T/////AAAAAQAAAAAAAAAAAAAAAQAAAJ6WuW6RVoELAXB0QHgO0NE9Cai2tOTQIvpm/pD8SfrpXez2TXeLGTHtnoAHEaVid1Wj3Ub7hFgdgp2ubqupWayzA7LCpK6FlteeRtjHCgHv4Jxk6qnbJCTb0Cz7B2+BDg+KvDOwiZlT8+YfRvmm0OpTCSWapV2UPhKH/yS5cm8AossRN+eqUMyzca5Ct4x+wD/3jrpz4e/z8eQ38EYltafXdFYnDhcOxKu0W1/GtHYAZzBlAjEAgTWFiS529yMz9jlZx5FHGVbmbHd7NqF09bNWzUAF8iiHUuHslenveL+fXhzSFGmyAjAqOZRDlr5Kgp9Mck5ILncBzJ38AA37B4D/SvS/CYb3itl5Jo0QPomX31rLh0D/T5o=,33,0,0,0,"001,003,005,006,007,008,014,015,017,019,020,022,024,026,027,030,031,032,033,055,056,057,058,062,063,068,071,072,074,085,086,096,097",,,,0,0.0,1,1,0,1,1,1,0,1,2.0,0.0,0.0,교환 2 || 판금 없음 || 부식 없음,1.0,0.0,1.0,4.0,,1,1.0,0.0,https://fem.encar.com/cars/detail/41309623?advClickPosition=mweb_mowoo_g2_t9982&listAdvType=mowoo&type=detail&view_type=normal,
41541267,쉐보레(GM대우),더 넥스트 스파크,LTZ,,더 넥스트 스파크 LTZ,650,140,3,54버0561,,16/01식 연형정보,2016,"82,568km",82568,가솔린,흰색,대구,오토,999,경차,5.0,41541267,,,김병수,우정모터스,매매,6,119,대구 서구,,엔카진단센터 대구 엠월드,053-562-5455,대구 서구,0.0,0.0,-1,-1,,보험이력 공개,,일반 / 엔카직영,,"/v1/readside/vehicle/41541267?include=ADVERTISEMENT,CATEGORY,CONDITION,CONTACT,MANAGE,OPTIONS,PHOTOS,SPEC,PARTNERSHIP,CENTER,VIEW",AgV4dnkkmJu0heBM9si20ahmQKP25Z2fxvtF7OHKQeygJPkAcQACAAdFbmNhckNrAAdFbmNhckN2ABVhd3MtY3J5cHRvLXB1YmxpYy1rZXkAREE4RU1hczVYYys1TytYNDgvZ3BTWm5kU01SWWlyM3ZnMERlVVQ3OFV1RHNNQmNTNUJaeUJiTGkwM0NTNmduUkc4dz09AAEAB2F3cy1rbXMAUGFybjphd3M6a21zOmFwLW5vcnRoZWFzdC0yOjI3MjM2MjQ4NzY1MzprZXkvbXJrLWRmZWEyNmY3NTVhMzQ3MjliNjkwMjRkZWZmM2M1MWFjALgBAgEAeAuqQuSJvQ+Ra4FSj55FZzS0sk+00amsb3yoAFiEYn4PAfgcKy8dCwdq7mMDkH+ceXoAAAB+MHwGCSqGSIb3DQEHBqBvMG0CAQAwaAYJKoZIhvcNAQcBMB4GCWCGSAFlAwQBLjARBAwi6sJU1B75aWSg/3ICARCAOwi4zUnLRP6U7whtP9Ff8SzdIYGauvPCrBJ+Oq0T/Sv1VWe01ydJK2WsAA1xdhm9pZzIZo//N7Wu6jHVAgAAEAAsbTLDeDy5nlJdVzR3N+lGAIGuH9JijpF1K7/IQ/4J4FBY4Juz/yrBzLFjvu0MiN//////AAAAAQAAAAAAAAAAAAAAAQAAAJ6c7TvNcHLonFiKwfXKpo5uJr3FUKa7BqFvhiquYP7cRwe6C91sqKMNKrm6S5dkVIeeUa+YoKln7HxhcYSYj2sWJQoZCV7jq/jye/RbvUDM3Tc8AO54onv3q+Vo/Bc6m7YCbQf224AesiQ08X/7+40oFOQk2/mCPCDFUo8S92WbkqrX3r95JfKr8Kbl+P5UngpKA8niplwfYfwS22uTVw/QtoCL+jk+gigAwv8f/TgAZzBlAjEA+ZfjJGV1T1y/E0mw4AymfOYKsZ0n6yiu8Czpq/ymyi1EGtsXFwU7A1pOmedlHBO6AjBLhjLKlzA5w93/1DLig/muwHIywvxMwInAS/pgXrFsKbUk49g8ogxMiuyyU2ZDbHc=,28,2,1,0,"001,004,006,007,008,014,015,017,019,020,022,024,026,027,031,032,033,055,056,058,068,071,072,074,086,088,096,097","1009,1010",023,,0,0.0,1,1,0,0,0,1,0,1,0.0,0.0,0.0,교환 없음 || 판금 없음 || 부식 없음,0.0,0.0,0.0,0.0,,0,0.0,0.0,https://fem.encar.com/cars/detail/41541267?advClickPosition=mweb_mowoo_g3_t9982&listAdvType=mowoo&type=detail&view_type=normal,
41295637,쉐보레(GM대우),올란도,LPG LTZ,프리미엄,올란도 LPG LTZ 프리미엄,350,52,1,32거2252,KLAYA75ADCK634259,12/02식 연형정보,2012,"260,025km",260025,LPG(일반인 구입),은회색,경기,오토,1998,RV,7.0,41295637,"#LPG,#1인소유,#HOT",1인소유/스마트키/내비게이션,김영범,(주)건모터스풍동,매매,17,48,경기 고양시 일산동구 백마로 478,GG24-01402,엔카진단센터 일산점,031-932-8543,경기 고양시 일산동구 백마로 478,0.0,0.0,-1,-1,1인소유/스마트키/내비게이션,보험이력 30건,30.0,일반 / 엔카직영,엔카 직영성능장에서는 69개 항목을 꼼꼼히 점검합니다. 정확한 성능점검 기록으로 타사 대비 최대 55% 성능보험료가 저렴합니다.,"/v1/readside/vehicle/41295637?include=ADVERTISEMENT,CATEGORY,CONDITION,CONTACT,MANAGE,OPTIONS,PHOTOS,SPEC,PARTNERSHIP,CENTER,VIEW",AgV4VEmy381lE7Z3Fqw6GjSNnukRkuXJpQ5R3a5if6KW5j8AcQACAAdFbmNhckNrAAdFbmNhckN2ABVhd3MtY3J5cHRvLXB1YmxpYy1rZXkAREF6WEx1dStGUkIxekFhOWY0NUUycHpyRWh1ZktqcTdMdEZjaTRpeGx0WWhIMm55Q3RQUkpVR3JYUERaTjNxd3JPQT09AAEAB2F3cy1rbXMAUGFybjphd3M6a21zOmFwLW5vcnRoZWFzdC0yOjI3MjM2MjQ4NzY1MzprZXkvbXJrLWRmZWEyNmY3NTVhMzQ3MjliNjkwMjRkZWZmM2M1MWFjALgBAgEAeAuqQuSJvQ+Ra4FSj55FZzS0sk+00amsb3yoAFiEYn4PATNXbk+wGxtmPUrYRj1A6tUAAAB+MHwGCSqGSIb3DQEHBqBvMG0CAQAwaAYJKoZIhvcNAQcBMB4GCWCGSAFlAwQBLjARBAx6y6BcHI+Gw5k1h3wCARCAOyUU5/CSm0H1Pw20KiHcAp0oaw6svtANXBVhE8W8ZfQVmnOtOmvEuAWlu6BmLQ82STiuK6GNbXVX/Z2mAgAAEADMUsyLw/0vddgoSf00lmIsrJn4BAA2JbWT6YITSzOAM+Rs2lIqHmwmH+ArRzmgXHv/////AAAAAQAAAAAAAAAAAAAAAQAAAJ5AM7ITaAtAxhLHFquz1drrxRIVEmx7bk2LyVgvMc7CRWsE5V1j2097nCJIBvr9OD7amKmYot1AtVFGJo30yMizq4Qydbh/cpiGYTofICfE6C0agi9fjb3ulTbcN4qrC1pCT2/qEcZ6M8NG6fhBABQfL0qfK+dIr+Ifo7AseRIR6zAwWXyxQnRYeyz5aIa0Zte0v+X7B2Jhy6HehrXlJDA8qt5tdDybDIGNifR0tIQAZzBlAjAGyy/gVIa2yzlQyC++w+GXopG7xd6t7tCyn1ZQdX5pClSbV9IwvN6gf2Nwq/Leq+0CMQCK4QbxrIuAZVaVdRIUHwAp+v4luvfBZTFYXRJ1DjUieAcdmpT/R59t7GK0nX71Av0=,31,2,0,1,"001,003,004,005,006,007,008,014,015,017,019,020,022,023,024,026,027,030,031,032,055,057,058,062,068,071,072,074,081,096,097","1007,1004",,애프터마켓 내비게이션 및 후방카메라,0,0.0,1,1,1,1,1,1,0,1,0.0,4.0,0.0,교환 없음 || 판금 4 || 부식 없음,0.0,1.0,1.0,4.0,1.0,1,1.0,0.0,https://fem.encar.com/cars/detail/41295637?advClickPosition=mweb_mowoo_g4_t9982&listAdvType=mowoo&type=detail&view_type=normal,
41047149,쉐보레(GM대우),올 뉴 말리부,2.0 터보 LTZ,프리미엄,올 뉴 말리부 2.0 터보 LTZ 프리미엄,838,609,12,28다3883,KLAZA69XDHB742445,17/01식 연형정보,2017,"115,438km",115438,가솔린,흰색,서울,오토,1998,중형차,5.0,41047149,"#HOT,#COOL,#양호",엔카에서 촬영한 100% 실매물 차량입니다.,선우철,구루마,매매,54,206,서울 강서구 양천로 390,SE24-00158,엔카진단센터 강서 오토플랙스,02-2068-4223,서울 강서구 양천로 390,0.0,0.0,-1,-1,엔카에서 촬영한 100% 실매물 차량입니다.,보험이력 5건,5.0,일반 / 엔카직영,엔카 직영성능장에서는 69개 항목을 꼼꼼히 점검합니다. 정확한 성능점검 기록으로 타사 대비 최대 55% 성능보험료가 저렴합니다.,"/v1/readside/vehicle/41047149?include=ADVERTISEMENT,CATEGORY,CONDITION,CONTACT,MANAGE,OPTIONS,PHOTOS,SPEC,PARTNERSHIP,CENTER,VIEW",AgV4ZWS8vYodVUB1Xehdd429atNf/6BMqoW8/XUSNPMPKScAcQACAAdFbmNhckNrAAdFbmNhckN2ABVhd3MtY3J5cHRvLXB1YmxpYy1rZXkAREE2dFdISXltN0ZyN2R2UWdwc0psdjUwQ0czZ285UEVSRGRNSzZEdHFLZVRBUlpsUjNOazFrNFVtNi9sYzEzVERsQT09AAEAB2F3cy1rbXMAUGFybjphd3M6a21zOmFwLW5vcnRoZWFzdC0yOjI3MjM2MjQ4NzY1MzprZXkvbXJrLWRmZWEyNmY3NTVhMzQ3MjliNjkwMjRkZWZmM2M1MWFjALgBAgEAeAuqQuSJvQ+Ra4FSj55FZzS0sk+00amsb3yoAFiEYn4PAfLwzFxUOT6x8yYznmtSRG0AAAB+MHwGCSqGSIb3DQEHBqBvMG0CAQAwaAYJKoZIhvcNAQcBMB4GCWCGSAFlAwQBLjARBAwkWHbXONKE6GHI6EYCARCAO0QAwjMUqme2VVGlz7+oNkqpSGT3Tw4bWF/F/3xbC57Rmn8AfFs+icJY2eTHodTHwhQ+8rfH9UJB+R5RAgAAEACRoXbTJLiv+yWWb0rE5gdPYJHT1+r7Xj0+uo5WpzHtAJWfgwfCC+zN5x0Qm7p3G+7/////AAAAAQAAAAAAAAAAAAAAAQAAAJ7+lp9hHKorteDVhpWYc4JLj+0FtZidoeh5FKLLWNJHcR0RIz5qBOWgrdL8VzrcnTFWQkNdjegYGaTZsm4SOJO+8rL+9V+ahjMjCaz3ElpGi9FM1QaXJTsldhgzAUJ3rEuZFgWN6m4RKmpqgu/n3kOL9QRZBUrN69bCthdCK4qB+LAOOzXWh3LH1vXny72ojYetwPoMk6LD47S5uM1HJVe+JRtBTauPo00IwDoYPOUAZzBlAjBYn9ILOYF6s+cPHM1dws5I1mEHMmfzvCrSKeXwdzJIF/sUE2zy2fDDHFkSdrGBfA8CMQD0lZR1hONY7rz9xQPS6eGTZppAf0piZOUtAhbH0+CxpYhOyiXjtGSnFYyHnCb/c0s=,42,4,0,0,"001,004,005,006,007,008,014,015,017,019,020,021,022,023,024,026,027,029,030,031,032,033,034,035,051,055,056,057,058,071,072,074,077,079,081,082,085,086,088,094,096,097","1001,1004,1003,1005",,,0,1.0,1,1,1,1,1,1,1,1,3.0,0.0,0.0,교환 3 || 판금 없음 || 부식 없음,1.0,0.0,1.0,6.0,1.0,1,1.0,0.0,https://fem.encar.com/cars/detail/41047149?advClickPosition=mweb_mowoo_g5_t9982&listAdvType=mowoo&type=detail&view_type=normal,
41548126,쉐보레(GM대우),더 뉴 스파크,프리미어,,더 뉴 스파크 프리미어,760,293,2,13부1699,KLYDC487DKC220799,19/02식 연형정보,2019,"52,629km",52629,가솔린,쥐색,경기,오토,999,경차,5.0,41548126,"#HOT,#COOL,#양호",엔카 실촬영,임경빈,코리아모터스(도이치)_진단++,매매,67,379,경기 수원시 권선구 권선로 308-5,GC20-04985,엔카진단센터 수원 고색점,031-291-4123,경기 수원시 권선구 권선로 308-5,0.0,0.0,-1,-1,엔카 실촬영,보험이력 5건,5.0,일반 / 엔카직영,,"/v1/readside/vehicle/41548126?include=ADVERTISEMENT,CATEGORY,CONDITION,CONTACT,MANAGE,OPTIONS,PHOTOS,SPEC,PARTNERSHIP,CENTER,VIEW",AgV4YiGUpVF/gDT3g4Fq8Utr2eoWBCimt80obEKjTDJ0ZA0AcQACAAdFbmNhckNrAAdFbmNhckN2ABVhd3MtY3J5cHRvLXB1YmxpYy1rZXkAREF0dlA4cVF5RjRleVF4bWpnU2wrVTUzREIwQk1ycFExSjdYZ1czcFNYK2o2U3NTSG93TnZJeEZEMmdsLy9XakdTQT09AAEAB2F3cy1rbXMAUGFybjphd3M6a21zOmFwLW5vcnRoZWFzdC0yOjI3MjM2MjQ4NzY1MzprZXkvbXJrLWRmZWEyNmY3NTVhMzQ3MjliNjkwMjRkZWZmM2M1MWFjALgBAgEAeAuqQuSJvQ+Ra4FSj55FZzS0sk+00amsb3yoAFiEYn4PAQt5eu65HqUmG8byEpQofkkAAAB+MHwGCSqGSIb3DQEHBqBvMG0CAQAwaAYJKoZIhvcNAQcBMB4GCWCGSAFlAwQBLjARBAyXXaQ+lUHHu5AouvwCARCAO2x0epm17JxCrBQJ9YFgKxPFEHmVM9h+YvE81gGHY99R9O3Y+WRvxMoBelDhh3Hud+rBVT5wogU2V3ZsAgAAEAA0NkbEY0XJdqdlWtUDUWi/vGQ0ma5Fjmwzr3L6emol2PBeOSygpkKaAGUVGN87DH//////AAAAAQAAAAAAAAAAAAAAAQAAAJ6UXSST0BssPGQXzEdm9oEi/05jOEnSPhEtw+o52XDkCshBj++Qf2JFIKEZt5QdUCXnScKQojbWO9p1biXex9edo45UqpeYECwd5PQarqDtitxQXJ3ZwHQl+cTjwtby+I8gwAuyjTKyR1DDHM9MnJ5Y9j2xLq+HEZHBuUYRZKZ4lYGL05psvlrc5L2rO2a9eZPhXiFTagFCuLKD1FtoXfO1alsaCb+nMuD3CLexuaAAZzBlAjEAwexGsMxhT/ciYn1YylCOtceMUapMfsaGpPKuRtmRC6abqDIUGNoJwwQtBnt0i4jyAjAVNC00sNAH43ZIBVFzWVAjvqIkcSCeCEG2xZZmj9Xae6ULu6TzPI0S31J1fHuV3B4=,29,1,0,0,"001,005,006,007,008,014,015,017,019,020,022,023,024,026,027,031,032,033,055,056,057,068,072,074,082,086,088,096,097",1013,,,0,0.0,1,0,1,1,1,1,0,1,3.0,0.0,0.0,교환 3 || 판금 없음 || 부식 없음,1.0,0.0,1.0,6.0,1.0,1,1.0,0.0,https://fem.encar.com/cars/detail/41548126?advClickPosition=mweb_mowoo_g6_t9982&listAdvType=mowoo&type=detail&view_type=normal,
41473416,쉐보레(GM대우),트랙스,1.6 디젤 프리미엄,,트랙스 1.6 디젤 프리미엄,550,114,1,05나6538,,16/12식 연형정보,2016,"162,957km",162957,디젤,흰색,대전,오토,1598,SUV,5.0,41473416,,,임익환,(주)정모터스,매매,174,1226,대전 유성구 복용동로 35,214201285,,,대전 유성구 복용동로 35,0.0,0.0,-1,-1,,보험이력 공개,,일반 / 엔카직영,,"/v1/readside/vehicle/41473416?include=ADVERTISEMENT,CATEGORY,CONDITION,CONTACT,MANAGE,OPTIONS,PHOTOS,SPEC,PARTNERSHIP,CENTER,VIEW",AgV4fWhObL5vQ3rAnK1rMev3T7Zw1mYpb6FI8sdIJozgw8QAcQACAAdFbmNhckNrAAdFbmNhckN2ABVhd3MtY3J5cHRvLXB1YmxpYy1rZXkAREF5Ym14L0RBNURrS0FucEtBMGxudmpjcDU0ZHBKY1E4U3lPT3BRRitsb08wVjJwTFIvYXJRako2OGU2Rm9weTQxdz09AAEAB2F3cy1rbXMAUGFybjphd3M6a21zOmFwLW5vcnRoZWFzdC0yOjI3MjM2MjQ4NzY1MzprZXkvbXJrLWRmZWEyNmY3NTVhMzQ3MjliNjkwMjRkZWZmM2M1MWFjALgBAgEAeAuqQuSJvQ+Ra4FSj55FZzS0sk+00amsb3yoAFiEYn4PAeNIJO6KkbMCj6cRmy5m1MgAAAB+MHwGCSqGSIb3DQEHBqBvMG0CAQAwaAYJKoZIhvcNAQcBMB4GCWCGSAFlAwQBLjARBAzRwVxbV4pf48U0SBACARCAO38v3K5GDTYV+KFHHI8AltuhVw4WwzKgDCAVf08llVsPX4M7ZmgQiDwJdu+2B6istfYvuFMcEgz08aUtAgAAEAA9KOVWaBxzleuWtoceaomEGQWkryWQibPuLMCvpXtTGKRcvycN31rkcZ3r+DdQqzj/////AAAAAQAAAAAAAAAAAAAAAQAAAJ4RHuEcLAzftSNqtKLvCpZnO6lVNGbzDww4du49DHuKpCpG+WHOWz0s4VZoprm/W+rNNhp2mZkbyHMMqZwtzO2K5kfhrzlF4TU6xiJEIxR4JcNAjBGUs2cHzE/MWWEIvTOK8I/WZZACe9iyv8Mt/lJ89r/IA7X65K0byVn8NF7Iv1tgj8aG40ADU5M01Evk/LyzaKdmntpbSo1gny7KWMChzSDZlm4jPtGN+zXYSbMAZzBlAjBldu+hnxycjTbTiv8zaK4CMrOA5Fvr2JZEnXIrGfIJKvxcaH1LnvYwdbE5x5fX5sgCMQCw1m93OUNtEElOD91ppJvvYAftLXr7AO5rjMvesRqCh+6oWXrE1eR7Rm+datC8NuQ=,30,3,0,0,"001,004,006,007,008,010,014,015,017,019,020,021,022,024,026,027,030,031,032,033,055,056,058,062,068,071,072,074,096,097","1001,1003,1002",,,1,0.0,1,1,0,0,0,1,0,1,0.0,0.0,0.0,교환 없음 || 판금 없음 || 부식 없음,0.0,0.0,0.0,0.0,,0,0.0,0.0,https://fem.encar.com/cars/detail/41473416?advClickPosition=mweb_mowoo_g7_t9982&listAdvType=mowoo&type=detail&view_type=normal,
41585162,쉐보레(GM대우),트래버스,3.6 AWD 프리미어,,트래버스 3.6 AWD 프리미어,2600,416,2,329서6652,1GNEV9KWXLJ177285,20/02식 연형정보,2020,"38,408km",38408,가솔린,흰색,서울,오토,3564,SUV,7.0,41585162,,무사고무도색 썬루프 완풀 보험0 세상에서 제일 예쁜차,왕규현,(주)태성모터스,매매,7,44,서울 강서구,SW21-00079,엔카진단센터 강서가양점,02-2659-5457,서울 강서구,0.0,0.0,1,-1,무사고무도색 썬루프 완풀 보험0 세상에서 제일  예쁜차,보험이력 0건,0.0,일반 / 엔카직영,,"/v1/readside/vehicle/41585162?include=ADVERTISEMENT,CATEGORY,CONDITION,CONTACT,MANAGE,OPTIONS,PHOTOS,SPEC,PARTNERSHIP,CENTER,VIEW",AgV4sIo5+jsasXY1/MCQAe0Qos/RL98qMbSmPJey0MK2VQcAcQACAAdFbmNhckNrAAdFbmNhckN2ABVhd3MtY3J5cHRvLXB1YmxpYy1rZXkAREE5Rkl6U1FQOG9WK0tjTXB1K3pHWnM2T3k4eXZoQzZ5eTNvVGJXMnNIZCsraGNaMnBlSHJjaExaQXFnbnp1UU5Idz09AAEAB2F3cy1rbXMAUGFybjphd3M6a21zOmFwLW5vcnRoZWFzdC0yOjI3MjM2MjQ4NzY1MzprZXkvbXJrLWRmZWEyNmY3NTVhMzQ3MjliNjkwMjRkZWZmM2M1MWFjALgBAgEAeAuqQuSJvQ+Ra4FSj55FZzS0sk+00amsb3yoAFiEYn4PAYyBWHpLK0ygsGjQZNPMshkAAAB+MHwGCSqGSIb3DQEHBqBvMG0CAQAwaAYJKoZIhvcNAQcBMB4GCWCGSAFlAwQBLjARBAy5PliBrEKNMneUlfQCARCAOyHx4RejXWQzjIvkNUId4BXX1slT2/jSuVr6tufuYzsfazB9NGyLRFfiIMzMau2D8vPCxOCY7ZRd3bEgAgAAEACtHT9QeMHnZUfAtEnZD1bfmv5hoRiuVGEHv+RlO7ZkxlC/bCUBqJpDoMIGVJUc8lj/////AAAAAQAAAAAAAAAAAAAAAQAAAJ4+ljmNFuBabIu46Vt/hnnGp65Y0bawZtgZytnCTxH4mVfRYmCEHyL9mTU1X4drgrszXI017mMPsb5rN6tJCGuePe/iG6pIfUlzgH9c5n//pftyna9yxG0K0UKfnQXW8EqgKE1Rp3IvgccMbzBp9QetnZGDyew5lmiot8/Dbhc+4jDaxHmpz/EGi7AKqErLzUa5AIO7g2MU1AQ6ahrYu7jBmXw0t9SuXmdkqPI9hCMAZzBlAjEAoICNjSetrCLkE0iKwR0e51qUN6zb49QMfNQ5/1dzb8SMoClruODY7X7oR812C0FkAjAYl6P0aY0II6ZKr0FeTQPE3ngKDRHbvWnU/dYEUI09nK8SLLIzHPTEd4lzV61zfNw=,46,2,0,1,"001,004,005,006,007,008,010,014,015,017,019,020,021,022,023,024,026,027,030,031,032,033,034,035,051,055,056,057,058,059,062,063,068,071,072,074,075,077,082,083,086,087,088,094,096,097","1001,1004",,사제 하이패스,1,,1,1,1,1,1,1,1,1,0.0,0.0,0.0,교환 없음 || 판금 없음 || 부식 없음,0.0,0.0,0.0,0.0,0.0,0,0.0,0.0,https://fem.encar.com/cars/detail/41585162?advClickPosition=mweb_mowoo_g8_t9982&listAdvType=mowoo&type=detail&view_type=checked,1.0
41459129,쉐보레(GM대우),말리부,2.0 LT,,말리부 2.0 LT,390,124,1,39우2849,,14/01식 연형정보,2014,"126,991km",126991,가솔린,은색,대전,오토,1998,중형차,5.0,41459129,,,임익환,(주)정모터스,매매,174,1226,대전 유성구 복용동로 35,214201285,,,대전 유성구 복용동로 35,0.0,0.0,-1,-1,,보험이력 공개,,일반 / 엔카직영,,"/v1/readside/vehicle/41459129?include=ADVERTISEMENT,CATEGORY,CONDITION,CONTACT,MANAGE,OPTIONS,PHOTOS,SPEC,PARTNERSHIP,CENTER,VIEW",AgV442YZ6wNNlZjlRCZyqFnjuGCEqlqgfUHzKcgJOly0ynIAcQACAAdFbmNhckNrAAdFbmNhckN2ABVhd3MtY3J5cHRvLXB1YmxpYy1rZXkAREFzV0xxSUNocW5vSlJxTDYvNFA4bE0zNXdCNzRXM3BpOUZ6TlcwNlI5enJOaEJtTDBVOU04S0xKQVg2NGZadytWUT09AAEAB2F3cy1rbXMAUGFybjphd3M6a21zOmFwLW5vcnRoZWFzdC0yOjI3MjM2MjQ4NzY1MzprZXkvbXJrLWRmZWEyNmY3NTVhMzQ3MjliNjkwMjRkZWZmM2M1MWFjALgBAgEAeAuqQuSJvQ+Ra4FSj55FZzS0sk+00amsb3yoAFiEYn4PAXDAjpx6ktgwyG20oF0KRbsAAAB+MHwGCSqGSIb3DQEHBqBvMG0CAQAwaAYJKoZIhvcNAQcBMB4GCWCGSAFlAwQBLjARBAx/Fm0PMSn/FCPnO+QCARCAO2u9YG8A4x3aWRgeOlKf6w07BXh8aa79aZueRHjfbnXnGjK/+2O+u3D5xKotNe9Fr+X2oMR8XKylYPGyAgAAEACf/13/MJ4f3HgOdRh9+RlH1dOYY6Ukow01j69wrV4xCWPYik88w33nPcJTIbQKpHP/////AAAAAQAAAAAAAAAAAAAAAQAAAJ71VsqsdxDNtrF7WUv3oj53bSCYkHitIyEWDuffJ5VLVYzGo0YhKDAdQoObNEy1Zv5KiqxHgA9dI6cuKWmWJn1vx5NR3GohnpjRuqtxstGtzJK20JTFXl9eN0HNc7mXV0GzDmpnWrdaBemdUZTYMtR3cWDuQ8AeF78W/DCLzMzM4A1H+c2ndRpKjq8OMcXXO0pkxHOdvA1VcvVrwfaqrERz3hM5KbxjYk7DyhRvwEEAZzBlAjAZW5PtgOvBIf+iPte+kdBeK5UBffM6LYMiwiXIakwuy6J3FicFES8QdaAxtHI30GgCMQCWUESwNGwCfEhS3dCZuX8BVqKX4S4pg1TmKYqadMvTzROeIOpXFdjH0vZVKDaLjPc=,33,2,0,0,"001,003,006,007,008,010,014,015,017,019,020,021,022,023,024,026,027,030,031,032,035,051,055,056,058,063,068,071,072,074,081,094,097","1197,1202",,,1,0.0,1,1,1,0,0,1,0,1,2.0,0.0,0.0,교환 2 || 판금 없음 || 부식 없음,1.0,0.0,1.0,4.0,,1,1.0,0.0,https://fem.encar.com/cars/detail/41459129?advClickPosition=mweb_mowoo_g9_t9982&listAdvType=mowoo&type=detail&view_type=normal,
41412350,쉐보레(GM대우),더 넥스트 스파크,LTZ,,더 넥스트 스파크 LTZ,490,305,5,69저0973,KLYDC487DGC023394,16/02식 연형정보,2016,"149,637km",149637,가솔린,쥐색,경기,오토,999,경차,5.0,41412350,"#HOT,#COOL,#양호",엔카 실촬영,임경빈,코리아모터스(도이치)_진단++,매매,67,379,경기 수원시 권선구 권선로 308-5,GC20-04985,엔카진단센터 수원 고색점,031-291-4123,경기 수원시 권선구 권선로 308-5,0.0,0.0,-1,-1,엔카 실촬영,보험이력 5건,5.0,일반 / 엔카직영,,"/v1/readside/vehicle/41412350?include=ADVERTISEMENT,CATEGORY,CONDITION,CONTACT,MANAGE,OPTIONS,PHOTOS,SPEC,PARTNERSHIP,CENTER,VIEW",AgV4faK2GJFn/LEUaizwhtBdIrJOX66rLpsVE1SgwTkY1V8AcQACAAdFbmNhckNrAAdFbmNhckN2ABVhd3MtY3J5cHRvLXB1YmxpYy1rZXkAREFnUHM1TkRkcUw3T3hQQTZ4R1BrUjZzSTJyaFpnUi9HOVdlWnVVZFhXVEFMZUs3NmdmQTdQRDVxSTNNMHd2SGc4UT09AAEAB2F3cy1rbXMAUGFybjphd3M6a21zOmFwLW5vcnRoZWFzdC0yOjI3MjM2MjQ4NzY1MzprZXkvbXJrLWRmZWEyNmY3NTVhMzQ3MjliNjkwMjRkZWZmM2M1MWFjALgBAgEAeAuqQuSJvQ+Ra4FSj55FZzS0sk+00amsb3yoAFiEYn4PAd80Wb9U1KdlpTQS2gxIPggAAAB+MHwGCSqGSIb3DQEHBqBvMG0CAQAwaAYJKoZIhvcNAQcBMB4GCWCGSAFlAwQBLjARBAyQBpm5zkj8DEYSEs0CARCAOykhzdb/FeqPJx0sNXllP37sF6LA105aYtLJ0uGtk0vB9wR4EZEpXzjttcDsxThqC1qFpuBXmlfJW8lDAgAAEAD+l5tbkUfktnY3kstlQRdGl23lN/SV65qCzx1FXyZwjZxOvJtwN3+B2tucDv3eKfn/////AAAAAQAAAAAAAAAAAAAAAQAAAJ4AxZD2V1p4swghgwmyqphKuktKdIGD1TaO52IvTipvtXDi3Pe80wP7QERUzT1HgZASNUh+i1bJ2ET9Tx/icyXeGsSTkd+Xehrp+oSAVX9nrHrS76xwf5wlUTq6i7NT/DtD95dJlnzly1N8fip+l6NqZT1Iycj58j5gWLxMWp0ecqFhxl1mAvIOvUnz/WOF8xZ2a5DtA1OXSbzqz/AV6oV8fwOE+ReRH1wqCobP/+UAZzBlAjAB0nB8JHYqANbp7PYu28V/5h4BO5+YcuUcOZ2RaeVf1/kjfYVzhozzRaXIBvbgmp8CMQCLTUhERhqqDO0G8IGHn7C9uNh/KeuvkwCa/Z87uMoZlIof77F966bkQzuBqQeoLYk=,31,4,0,0,"001,004,006,007,008,010,014,015,017,019,020,022,023,024,026,027,031,032,033,055,056,057,058,068,071,072,074,082,086,088,096","1007,1006,1009,1010",,,1,0.0,1,1,1,1,0,1,0,1,4.0,0.0,0.0,교환 4 || 판금 없음 || 부식 없음,1.0,0.0,1.0,8.0,1.0,1,1.0,0.0,https://fem.encar.com/cars/detail/41412350?advClickPosition=mweb_mowoo_g10_t9982&listAdvType=mowoo&type=detail&view_type=normal,
41515504,쉐보레(GM대우),크루즈,1.8 LT,,크루즈 1.8 LT,250,200,6,28가7565,,12/03식 연형정보,2012,"133,419km",133419,가솔린,쥐색,대전,오토,1796,준중형차,5.0,41515504,,,임익환,(주)정모터스,매매,174,1226,대전 유성구 복용동로 35,214201285,,,대전 유성구 복용동로 35,0.0,0.0,-1,-1,,보험이력 공개,,일반 / 엔카직영,,"/v1/readside/vehicle/41515504?include=ADVERTISEMENT,CATEGORY,CONDITION,CONTACT,MANAGE,OPTIONS,PHOTOS,SPEC,PARTNERSHIP,CENTER,VIEW",AgV42qD34hayh6xBmomVD4L5imurd8yU9Dhg7GuIkDJUi28AcQACAAdFbmNhckNrAAdFbmNhckN2ABVhd3MtY3J5cHRvLXB1YmxpYy1rZXkAREE0cTNpdDZyclcyZnFDM2x5ZkJ6SGtNQi95TExSYkkvZUhzWG1NYkk0VHZyZjFibk5GTWR2bWxaQ0ZwU0Zabit5QT09AAEAB2F3cy1rbXMAUGFybjphd3M6a21zOmFwLW5vcnRoZWFzdC0yOjI3MjM2MjQ4NzY1MzprZXkvbXJrLWRmZWEyNmY3NTVhMzQ3MjliNjkwMjRkZWZmM2M1MWFjALgBAgEAeAuqQuSJvQ+Ra4FSj55FZzS0sk+00amsb3yoAFiEYn4PAWXbCyJutkBaE+6aREyvdp0AAAB+MHwGCSqGSIb3DQEHBqBvMG0CAQAwaAYJKoZIhvcNAQcBMB4GCWCGSAFlAwQBLjARBAwDMGR6+1dYNJbvQS4CARCAO5LysysQesgBtqir077+ZYK54qAa+AH5G5pgYspR0lVV9cynz5H7E4ahB+OfJDkKs9TXxJ+yZ4dotsNxAgAAEADXwTQzLO1hNTieyGWIjviWZNcWW9vl53j5fhSADQanuL4HrN88IacSAPox7PSrCW//////AAAAAQAAAAAAAAAAAAAAAQAAAJ7ikRVZWTTpqPXiomQ9JoLmM6C7bBbPT/6r7goaeihLR7vsZFXc4t2koVoc0ezZstPvBoVpTccqFd13lzyXnslU9w8x4BaMpC7/2uL5EazMDHksqYlIBRT0HDc9acuc6x6wjLzHcEhfZAUygBH03oM244YIX4kJqK9RUm+R0GGcFhmf9HWMCekkmHOXUdWhKfpqADhPCdaMir6TL+Qk72j0cIaCY8XMUPF/L9q4sH4AZzBlAjEAtGVDprt3BemUTCwJVdG8vMV1Y52r9IvgVUGgcWM1cJQF3uAMJ3q2pVR8CAO+WTWPAjBtKQyU/rX8jZ7fW+77IDvQ2iZTWItcs9B7Ru3+hquz/NXvmPQvwNltbfVB5NdupA0=,19,0,0,0,"001,003,006,007,008,015,017,019,022,024,026,027,031,032,055,058,071,072,096",,,,0,0.0,1,1,0,0,0,1,0,0,0.0,0.0,0.0,교환 없음 || 판금 없음 || 부식 없음,0.0,0.0,0.0,0.0,,0,0.0,0.0,https://fem.encar.com/cars/detail/41515504?advClickPosition=mweb_mowoo_g11_t9982&listAdvType=mowoo&type=detail&view_type=normal,
41486359,쉐보레(GM대우),올 뉴 말리부,2.0 터보 LTZ,프리미엄,올 뉴 말리부 2.0 터보 LTZ 프리미엄,830,947,8,133어2464,KLAZA69XDJB019010,17/11식 (18년형) 연형정보,2018,"106,645km",106645,가솔린,빨간색,경기,오토,1998,중형차,5.0,41486359,"#정비OK,#24시간상담,#준신차",@전국1등매물@옵션빵빵@키2개@컨디션최상@타던차최고가매입약속!,최영민,와이엠(YM)모터스,매매,18,111,경기 고양시 일산동구 백마로 478,GG21-00427,엔카진단센터 일산점,031-932-8543,경기 고양시 일산동구 백마로 478,0.0,0.0,-1,-1,@전국1등매물@옵션빵빵@키2개@컨디션최상@타던차최고가매입약속!,보험이력 1건,1.0,일반 / 엔카직영,엔카 직영성능장에서는 69개 항목을 꼼꼼히 점검합니다. 정확한 성능점검 기록으로 타사 대비 최대 55% 성능보험료가 저렴합니다.,"/v1/readside/vehicle/41486359?include=ADVERTISEMENT,CATEGORY,CONDITION,CONTACT,MANAGE,OPTIONS,PHOTOS,SPEC,PARTNERSHIP,CENTER,VIEW",AgV4L12ApEylqi3lQwYPLwloyYIjy7e/vnKEX3QoCA431DEAcQACAAdFbmNhckNrAAdFbmNhckN2ABVhd3MtY3J5cHRvLXB1YmxpYy1rZXkAREF0dkxQU2krWVVJUVJiM3J6bkNYa05oS3Jtb0kzeXlLZ05ZckFQazJuNXhtQUIySHRmYmNZR3MzV0hUSG5TUjZMQT09AAEAB2F3cy1rbXMAUGFybjphd3M6a21zOmFwLW5vcnRoZWFzdC0yOjI3MjM2MjQ4NzY1MzprZXkvbXJrLWRmZWEyNmY3NTVhMzQ3MjliNjkwMjRkZWZmM2M1MWFjALgBAgEAeAuqQuSJvQ+Ra4FSj55FZzS0sk+00amsb3yoAFiEYn4PATgiSvZIFoIuIsG6nzAd9GIAAAB+MHwGCSqGSIb3DQEHBqBvMG0CAQAwaAYJKoZIhvcNAQcBMB4GCWCGSAFlAwQBLjARBAw2e0t0lWxQ/EMrGwMCARCAOzmvKSx9LsOtyKHbM0vjj8QgL/0XFvZfOhhFj7u0Zp3VixTjOKNB260FG1m5uzflXzheUKbowGfBmEE0AgAAEACljnV05DSb4f25fKP2estPv287Q6OYZUvG23bIOrNRF7eMHGfpw6jm0/OAH9a2xIH/////AAAAAQAAAAAAAAAAAAAAAQAAAJ6jM7ikga66cKHZERQFxKKE9G8rbOnfaEn9ac2zJGYK9Gmf0xNPH1goNfwtQzxq7Bv+zHYheld+WiwhXorT5QAD5G6/f0cVXp+6b0okytASBqqXYfebJjfbRAYgzceHlHr8zNNGQ+aZ/MZXXrVjoMJ1zEJy3wIoFyq2b+Z5X2AviCVfGxd4elpvAM8gLnqUPMHRH/BF2C4hyCtVzA+a5tRW1jMgJf+hYm4I9FHmnmkAZzBlAjEAnRpGDZj6UKFnEBLv1Er6BhI6kBgeJpTc1BPpqVTGN2lpg/htNSbPbGO39OX7zD4AAjAzWU643NKtPfhfCVdrueHsafY6N/3ijzJrnnMkYU5Jm9ykwQFGeY5rXTZQkUzkVj0=,44,4,0,0,"001,004,005,006,007,008,010,014,015,017,019,020,021,022,023,024,026,027,029,030,031,032,033,034,035,051,055,056,057,058,063,071,072,074,077,079,081,082,085,086,088,094,096,097","1004,1007,1002,1005",,,1,1.0,1,1,1,1,1,1,1,1,2.0,2.0,0.0,교환 2 || 판금 2 || 부식 없음,1.0,1.0,1.0,6.0,1.0,1,1.0,0.0,https://fem.encar.com/cars/detail/41486359?advClickPosition=mweb_mowoo_g12_t9982&listAdvType=mowoo&type=detail&view_type=normal,
41285313,쉐보레(GM대우),어메이징 뉴 크루즈,1.4 터보 LTZ,,어메이징 뉴 크루즈 1.4 터보 LTZ,470,19,0,20조0399,,16/03식 연형정보,2016,"139,058km",139058,가솔린,흰색,대전,오토,1362,준중형차,5.0,41285313,,,임익환,(주)정모터스,매매,174,1226,대전 유성구 복용동로 35,214201285,,,대전 유성구 복용동로 35,0.0,0.0,-1,-1,,보험이력 공개,,일반 / 엔카직영,,"/v1/readside/vehicle/41285313?include=ADVERTISEMENT,CATEGORY,CONDITION,CONTACT,MANAGE,OPTIONS,PHOTOS,SPEC,PARTNERSHIP,CENTER,VIEW",AgV41mN4z+ZxmxDrY83M47NZsg1qI+C/GMD6b4p5wvSUGyEAcQACAAdFbmNhckNrAAdFbmNhckN2ABVhd3MtY3J5cHRvLXB1YmxpYy1rZXkAREE0VW1ZUUZKRE5aaU9SMGdVNFo1em5LdEZEdkJLREdJdDV4L0ViYTlmRE0yQmpETlA4Mm85WW9DM2I3bnFmaGdUZz09AAEAB2F3cy1rbXMAUGFybjphd3M6a21zOmFwLW5vcnRoZWFzdC0yOjI3MjM2MjQ4NzY1MzprZXkvbXJrLWRmZWEyNmY3NTVhMzQ3MjliNjkwMjRkZWZmM2M1MWFjALgBAgEAeAuqQuSJvQ+Ra4FSj55FZzS0sk+00amsb3yoAFiEYn4PAUc6pjr95nVVjp3rwBIC9JkAAAB+MHwGCSqGSIb3DQEHBqBvMG0CAQAwaAYJKoZIhvcNAQcBMB4GCWCGSAFlAwQBLjARBAw6ZeKHY/1seI133jYCARCAO1QHpzb8/YHdFDF46e0UAvMdBRs8P9nyWc5U7TmraZoxa/3rmI8M3axyQQrZ+GyuhtsWA4sZntFjExEiAgAAEACwiy9AdrrKUJCxf3sucxuWYqP9APMSQHo4ucOO3kcYfOFA2w0gBefUStG5dsFsPhD/////AAAAAQAAAAAAAAAAAAAAAQAAAJ4BaMG8DfrZn76j/WoDPV5mWQvpGF7sPoj0IbEfYecV0n1Cv6j1GFFqBsGMhh1IEGEUukuOZaX2b4Lb3ZClada8rH3A78AzoyXfJq2ZslubX25l02szaY36CD/WOh+Vat+xwOTbZrlz2j4h3sP46+jAUvSfeq16gfb2cvBqdYk+IJ1URilsfafPHxzlAoPwnmIrt9JE6r/OzYAGEG0OJF76WfyX7dmHu6k5ILAJk9oAZzBlAjEA3X9P3np5NKW85o3fVe6qz1/tHleZcTNPGEmNy+Zc2uFpPBQuQ/E0yzOGXywF7aCRAjAb4Lw8f53kA7O56utP/3uxDIov91D1YwqcRVAnXSBpdHkyhlLFgwbMWMZT54vbil4=,32,2,0,0,"001,003,005,006,007,008,010,014,015,017,019,020,022,023,024,026,027,030,031,032,033,055,056,057,058,068,071,072,074,081,096,097","1005,1001",,,1,0.0,1,1,1,1,1,1,0,1,1.0,0.0,0.0,교환 1 || 판금 없음 || 부식 없음,1.0,0.0,1.0,2.0,,1,0.0,0.0,https://fem.encar.com/cars/detail/41285313?advClickPosition=mweb_mowoo_g13_t9982&listAdvType=mowoo&type=detail&view_type=normal,
41574612,쉐보레(GM대우),마티즈 크리에이티브,재즈,스타,마티즈 크리에이티브 재즈 스타,199,328,3,30나4364,KLYMA481DAC215025,10/04식 연형정보,2010,"148,975km",148975,가솔린,하늘색,경기,오토,995,경차,5.0,41574612,"#HOT,#최저가,#비흡연",신품급타이어&후방카메라 금연 바로 탈수있는 경차!,강성구,썬모터스,매매,25,111,경기 고양시 일산동구 백마로 478,GG22-00711,엔카진단센터 일산점,031-932-8543,경기 고양시 일산동구 백마로 478,0.0,0.0,-1,-1,신품급타이어&후방카메라 금연 바로 탈수있는 경차!,보험이력 9건,9.0,일반 / 엔카직영,엔카 직영성능장에서는 69개 항목을 꼼꼼히 점검합니다. 정확한 성능점검 기록으로 타사 대비 최대 55% 성능보험료가 저렴합니다.,"/v1/readside/vehicle/41574612?include=ADVERTISEMENT,CATEGORY,CONDITION,CONTACT,MANAGE,OPTIONS,PHOTOS,SPEC,PARTNERSHIP,CENTER,VIEW",AgV4XZDTBnywewetyMLdju1IdSqCsrjqyh3FIl6UJCpVmWcAcQACAAdFbmNhckNrAAdFbmNhckN2ABVhd3MtY3J5cHRvLXB1YmxpYy1rZXkAREEvWHU1NFpaS2RJK3BhQ2Z4MGt0dGVIejRQLzFITzZVbGtLTGFOZmJqWE9kdFBCY1NRMFdyUkM5S1daUWNlYjIrZz09AAEAB2F3cy1rbXMAUGFybjphd3M6a21zOmFwLW5vcnRoZWFzdC0yOjI3MjM2MjQ4NzY1MzprZXkvbXJrLWRmZWEyNmY3NTVhMzQ3MjliNjkwMjRkZWZmM2M1MWFjALgBAgEAeAuqQuSJvQ+Ra4FSj55FZzS0sk+00amsb3yoAFiEYn4PAcoHnZ6zHLz4fVoXE9tg5I0AAAB+MHwGCSqGSIb3DQEHBqBvMG0CAQAwaAYJKoZIhvcNAQcBMB4GCWCGSAFlAwQBLjARBAwDc8GQtD+7uZnHUlQCARCAO0z8OCnmQPeALx5UZI9eVgqQNdb7UakTR07i0DVIdXHrW12n5yzdBaw1gtUS74fkmH4s5LrCVaeOikU0AgAAEAC9T4NU5eWTsOevCQglBhqLZrDicAZCsRsDMQfLwms4gVjXL5/I87bjyV3ZtEQQfjD/////AAAAAQAAAAAAAAAAAAAAAQAAAJ693pw0b8aS0XMSbvty86P1krqudovU5FGD2s245m3iCcEelFZMAepGJD5t08n2gS5dH5gcFCqr4bbATLQqrrcgtYNbb4Fdkkr8k18J1UHelnSFpRrfpTKiKMc0ZHRauE6QaMMff89ok0ys2BhgfOIiqWjg80HBjhhgdj3MJQ19XAaYrpM7GDBeUsH3s9ZhFgSOZuvZbUCqrU96in2uyXWGcsY7ijfxl81C1YnRgg8AZzBlAjBblIZe1/XDe0B9hX8dBkQJIgNFRPQG2aq/+0aAzbTuJd38Z81HGpYVDYgOyOFbth8CMQCVFDXrAgqmc8agMW1ZU3au/16iJfuByUIythDA1l2b2dliTPcxa42+mKs1C1ooqxs=,17,0,0,0,"003,004,005,006,007,008,014,015,017,020,022,026,027,032,058,062,071",,,,0,0.0,1,1,0,0,1,1,0,1,2.0,0.0,0.0,교환 2 || 판금 없음 || 부식 없음,1.0,0.0,1.0,4.0,1.0,1,1.0,0.0,https://fem.encar.com/cars/detail/41574612?advClickPosition=mweb_mowoo_g14_t9982&listAdvType=mowoo&type=detail&view_type=normal,
41491905,쉐보레(GM대우),더 뉴 말리부,2.0 터보 레드라인,,더 뉴 말리부 2.0 터보 레드라인,1990,636,3,272무3790,,21/08식 연형정보,2021,"52,602km",52602,가솔린,검정색,대전,오토,1998,중형차,5.0,41491905,,,임익환,(주)정모터스,매매,174,1226,대전 유성구 복용동로 35,214201285,,,대전 유성구 복용동로 35,0.0,0.0,-1,-1,,보험이력 공개,,일반 / 엔카직영,,"/v1/readside/vehicle/41491905?include=ADVERTISEMENT,CATEGORY,CONDITION,CONTACT,MANAGE,OPTIONS,PHOTOS,SPEC,PARTNERSHIP,CENTER,VIEW",AgV49W3RqtpkiqI/e/hBSx3tfFoJjVy5SL949kFsJhpFKYMAcQACAAdFbmNhckNrAAdFbmNhckN2ABVhd3MtY3J5cHRvLXB1YmxpYy1rZXkAREFyUGVGSkQ5YStMZ1h5cWhpOVFhTnFYb20rUk1sMEhYekhwRTU0NFhQbUVEL3psMGViNitkOXVjeDMyWjFUb29iQT09AAEAB2F3cy1rbXMAUGFybjphd3M6a21zOmFwLW5vcnRoZWFzdC0yOjI3MjM2MjQ4NzY1MzprZXkvbXJrLWRmZWEyNmY3NTVhMzQ3MjliNjkwMjRkZWZmM2M1MWFjALgBAgEAeAuqQuSJvQ+Ra4FSj55FZzS0sk+00amsb3yoAFiEYn4PAWbQCM5JO5AwCd1g7JtwnFEAAAB+MHwGCSqGSIb3DQEHBqBvMG0CAQAwaAYJKoZIhvcNAQcBMB4GCWCGSAFlAwQBLjARBAwG7s7tm8bi5LACsroCARCAO/O7KIaz1AcFK0ksmaY+gpjd2IdqFZ3LhN2S+AkOOXTOUls2VnUFPVjUKc7FME9BgIgdRNrHDo0HkFtUAgAAEADidZFV/7I63m77UZUupTEOufzdk67JQvVtDYtg6u9dXNhjYJC24/1ULkCrdBveQ5v/////AAAAAQAAAAAAAAAAAAAAAQAAAJ6LIiheykwYUKA79++PjLnLbgBOPgqgoZVjNJHpyaML6czVBpS/h7tvzrNPpNXsDjimY3EIZsy/aSNkXGB9wiRyfmUO9v7IhEI2QtzPWdlkYDsxe6hQk2Arin8YTy1Caw/gLUu+5HKKJSb+OBsym5CG1NOna4NZvX2vWxtrMwvDmYGQkzk3rmelhoDd/dR9KIsgrpH3O484oPWF9sUkleAbUzQ1+fA06tzVgrNLBD8AZzBlAjEA34U99i79+YQtGsQrvqTcA6viq+3imEL8St4fs7lCFlrBj9ABoTMp0ZP23LTKgRXuAjA3m9xMBtu2iesfTevXv7Tlr949B0RUnvCGBf8u+MS3OQd/0rJ4bGN4gCXVOBlsRoo=,43,2,0,0,"001,004,005,006,007,008,014,015,017,019,020,021,022,023,024,026,027,030,031,032,033,034,035,051,055,056,057,058,063,071,072,074,075,077,079,081,082,085,086,088,094,096,097","1009,1012",,,0,,1,1,1,1,1,1,1,1,0.0,0.0,0.0,교환 없음 || 판금 없음 || 부식 없음,0.0,0.0,0.0,0.0,,0,0.0,0.0,https://fem.encar.com/cars/detail/41491905?advClickPosition=mweb_mowoo_g15_t9982&listAdvType=mowoo&type=detail&view_type=normal,1.0
41618186,쉐보레(GM대우),트래버스,3.6 AWD RS,,트래버스 3.6 AWD RS,2850,117,0,160러4555,,21/09식 연형정보,2021,"25,833km",25833,가솔린,흰색,대전,오토,3564,SUV,7.0,41618186,,,임익환,(주)정모터스,매매,174,1226,대전 유성구 복용동로 35,214201285,,,대전 유성구 복용동로 35,0.0,0.0,-1,-1,,보험이력 공개,,일반 / 엔카직영,,"/v1/readside/vehicle/41618186?include=ADVERTISEMENT,CATEGORY,CONDITION,CONTACT,MANAGE,OPTIONS,PHOTOS,SPEC,PARTNERSHIP,CENTER,VIEW",AgV40gQ66pUcYw97IH9zvu+isbXSdGpeUeJDA1L0ptF0B/8AcQACAAdFbmNhckNrAAdFbmNhckN2ABVhd3MtY3J5cHRvLXB1YmxpYy1rZXkAREF2aXN1dS9WSytNTm5rNmttTWtmaUQ0YjBBT2gyclpqMEw5Um9QVThBcTZqUzRibzhhbWRBQlVFS2xOME15SGtZQT09AAEAB2F3cy1rbXMAUGFybjphd3M6a21zOmFwLW5vcnRoZWFzdC0yOjI3MjM2MjQ4NzY1MzprZXkvbXJrLWRmZWEyNmY3NTVhMzQ3MjliNjkwMjRkZWZmM2M1MWFjALgBAgEAeAuqQuSJvQ+Ra4FSj55FZzS0sk+00amsb3yoAFiEYn4PAQitXVzb0UNAOeCTTrSGqxoAAAB+MHwGCSqGSIb3DQEHBqBvMG0CAQAwaAYJKoZIhvcNAQcBMB4GCWCGSAFlAwQBLjARBAzDcT2TUSKm9ByT2uYCARCAOweNgXht3GKIr/J7SHX9e+8FlFcVkxgtFxyqTr1EGWvf9lokEhir786khpAr4+r3UaE9UZ2ftH9AREn0AgAAEABobazMNCgjcZyb2mS3VfUyJd5k+xdiyaSLMNi0fAHPg9ZUsXE4BnG5rDJEu0ZrrYX/////AAAAAQAAAAAAAAAAAAAAAQAAAJ4LZAp66rdkW3l1goxMbEbDVdNIs7VAt3Kjj07s6g/09HRZHx9I8u+lPaROYhhs82lMGROaNLvTjLsYj26GOKen+WLlhCjcYgHqXQj5QpklY6MfxxYMnKff55OCo9mVamMWCeHT1E0frU4jcaB3azA0RczpMFUPoCohnQTeW5yeQXWiiQoCSU8iRgfPAd11dSMMnAo0YPLtjiti/BkJE6j+SU2sctehJZO4e7BaY3sAZzBlAjAmrYLwbjHipyQO5S2eFnZ7//+FNvnj4Q5JfDxGX1YgHWKxpICcmOm8rPESbffNehICMQDG5TAl8IeNkROcKvRNhv+Y3cIiTnx3V0fXXmPpBiswVrWWFZnYFr/KgUzLl6Fq3pw=,39,0,0,0,"001,004,005,006,007,008,014,015,017,019,020,021,022,023,024,026,027,029,030,031,032,033,035,055,056,057,058,059,062,068,071,072,082,086,087,088,094,096,097",,,,0,1.0,1,1,1,1,1,1,0,1,0.0,0.0,0.0,교환 없음 || 판금 없음 || 부식 없음,0.0,0.0,0.0,0.0,,0,0.0,0.0,https://fem.encar.com/cars/detail/41618186?advClickPosition=mweb_mowoo_g16_t9982&listAdvType=mowoo&type=detail&view_type=normal,
41454481,쉐보레(GM대우),알페온,CL240,프리미엄,알페온 CL240 프리미엄,280,359,10,13저1421,KLAPA69JDBB042652,11/04식 연형정보,2011,"130,344km",130344,가솔린,검정색,경기,오토,2384,대형차,5.0,41454481,,,전제훈,주식회사 국민중고차,매매,15,42,경기 수원시 권선구 권선로 343,,엔카진단센터 수원 서둔점,010-4522-7026,경기 수원시 권선구 권선로 343,0.0,0.0,0,-1,,보험이력 7건,7.0,일반 / 엔카직영,,"/v1/readside/vehicle/41454481?include=ADVERTISEMENT,CATEGORY,CONDITION,CONTACT,MANAGE,OPTIONS,PHOTOS,SPEC,PARTNERSHIP,CENTER,VIEW",AgV4hzJIYJsyJ0Qt3hCVIODKSHuy88vSX06hYiq+xW7nIKIAcQACAAdFbmNhckNrAAdFbmNhckN2ABVhd3MtY3J5cHRvLXB1YmxpYy1rZXkAREFxaFN2ZEovSjF2T0xva2dlS3pweFRQUnlmTy9NekRpUlIzQjN2RlVQVzB3aHUzMnJ6VjdaVlNTVmlablJFNDJRdz09AAEAB2F3cy1rbXMAUGFybjphd3M6a21zOmFwLW5vcnRoZWFzdC0yOjI3MjM2MjQ4NzY1MzprZXkvbXJrLWRmZWEyNmY3NTVhMzQ3MjliNjkwMjRkZWZmM2M1MWFjALgBAgEAeAuqQuSJvQ+Ra4FSj55FZzS0sk+00amsb3yoAFiEYn4PAQpHfCiRDuXpylzBqjMyz+EAAAB+MHwGCSqGSIb3DQEHBqBvMG0CAQAwaAYJKoZIhvcNAQcBMB4GCWCGSAFlAwQBLjARBAyz0l92KxaKEopYvDACARCAO2Y4YUaYknmg980zEhDjxKe63ycHLx8n3k6UCqfXrPu1hcfJs53/OWiguvEyY7ZwT2Zdz8/WYqogEBWpAgAAEAAxxsE6lSN0dwx1R6sNfHPmPMgFQDDr7nfKsbx/+0qGrMVb5QuDD8DGbqRBJBXedo//////AAAAAQAAAAAAAAAAAAAAAQAAAJ4fIAQ8KaIrKIgXJMF2XAMU0WcwtmUylKCX7xg8VL7LuFQVQf7VdheiRNqiuODc5Ty0EfuSewW9FrMco1SoWQruqDYCO7OTg3nkC6vIUNMGZu+4rn5QWXqpTKqlgcMqEgP0srGuM4nwhtck1vjeggvQUnUd3uvUCRzvblSIKxmtfAfSWrtCCR0OKy7DFEPavLAPL2Rmgpak5U54fJgWLtcK8FyecYMtsnYigXcxF4wAZzBlAjAZynts+m5JIHRM76Mf2t4lsDsn9QKv4k/clXX+IADZs1Xci49pGsqM2rEf5ypDFpACMQDb9pUm70ST9GC3tCKv6EFfDFemQF/NLFDcGTJOUHyIX98HVExcvQLV3uAttRIctSQ=,28,1,0,0,"001,003,004,006,007,008,010,014,015,017,019,020,021,022,023,024,026,027,031,032,055,056,057,058,071,081,096,097",1003,,,1,0.0,1,1,1,1,0,1,0,1,1.0,2.0,0.0,교환 1 || 판금 2 || 부식 없음,1.0,1.0,1.0,4.0,1.0,1,1.0,0.0,https://fem.encar.com/cars/detail/41454481?advClickPosition=mweb_mowoo_g17_t9982&listAdvType=mowoo&type=detail&view_type=checked,
41499360,쉐보레(GM대우),올 뉴 말리부,2.0 터보 LTZ,프리미엄,올 뉴 말리부 2.0 터보 LTZ 프리미엄,850,747,16,22무3504,KLAZA69XDJB013403,18/01식 연형정보,2018,"134,187km",134187,가솔린,검정색,대구,오토,1998,중형차,5.0,41499360,"#HOT,#COOL,#양호",엔카 실촬영,현집,비모터스,매매,19,54,대구 동구 안심로59길 36,24-053-00261,엔카진단센터 대구 동구점,053-965-8746,대구 동구 안심로59길 36,0.0,0.0,-1,-1,엔카 실촬영,보험이력 9건,9.0,일반 / 엔카직영,,"/v1/readside/vehicle/41499360?include=ADVERTISEMENT,CATEGORY,CONDITION,CONTACT,MANAGE,OPTIONS,PHOTOS,SPEC,PARTNERSHIP,CENTER,VIEW",AgV4oZoxd8NbEiI9mZvEJoyWTV+5tHyIXmw+4JpNpO3xml0AcQACAAdFbmNhckNrAAdFbmNhckN2ABVhd3MtY3J5cHRvLXB1YmxpYy1rZXkAREEyRUFDN0VuY2hUcHI2V1lGUE9XTWFWWGZxNkt2Z0QzeFlQSktoYmRMMXFGK2FoM2VPS3hDSVVqOS9MUHlxdnA3UT09AAEAB2F3cy1rbXMAUGFybjphd3M6a21zOmFwLW5vcnRoZWFzdC0yOjI3MjM2MjQ4NzY1MzprZXkvbXJrLWRmZWEyNmY3NTVhMzQ3MjliNjkwMjRkZWZmM2M1MWFjALgBAgEAeAuqQuSJvQ+Ra4FSj55FZzS0sk+00amsb3yoAFiEYn4PAT/w5dMgHa/F97UFNct6MqsAAAB+MHwGCSqGSIb3DQEHBqBvMG0CAQAwaAYJKoZIhvcNAQcBMB4GCWCGSAFlAwQBLjARBAwbyXmB6oHudl3tESkCARCAOyArt0RAAw7beCiCNyZbfPKN7PZAfz7uHMjlPyvVfgDvtbTpMjKC9pT2clQNbkVdJYWKIiXVfaIB7ggYAgAAEABoZHBw6g7NUt/mABeePWs2nnkSZ+In1E6p2T/ljiHanbRaQksFNBGVQ6gVYTt4Nwj/////AAAAAQAAAAAAAAAAAAAAAQAAAJ4Jyjugi6Drz1tQGmxfnqAJQsqaVAqUaJN87FqmTREpUvwfZn1vKAm84iX5yhdc+wahupBXq0ty9g5goASADKgGDU7HHTgocKoo7ISP98DK4GEyZStMIlJePNLNCrCdsU39mbiReslLBDPOM+zxTzxCqPDBMQ4up+c4j+vYd9Fcuv9ig2SgsBJhU5VVP6qGWxic/5GzJCPub26+2t6TtoiwU0T23S+bGdQxs8xw0ggAZzBlAjEArfA/iImOSoBi6AbvQkcPSgwdrHzeFXP4K8WYvkNt219YhO0vZG2F8xIqj041WKLPAjBJ+C0vBZPpA/p6Fj70n9UpXpNHdxx3wqDFWllXoYuIa5ZNlrMKRYTFTCd8g501iuk=,43,3,0,0,"001,004,005,006,007,008,010,014,015,017,019,020,021,022,023,024,026,027,029,030,031,032,033,034,035,051,055,056,057,058,063,068,071,072,074,077,081,082,085,088,094,096,097","1004,1007,1002",,,1,1.0,1,1,1,1,1,1,1,1,3.0,1.0,0.0,교환 3 || 판금 1 || 부식 없음,1.0,1.0,1.0,7.0,1.0,1,1.0,0.0,https://fem.encar.com/cars/detail/41499360?advClickPosition=mweb_mowoo_g18_t9982&listAdvType=mowoo&type=detail&view_type=normal,
41641527,쉐보레(GM대우),말리부,2.0 LT 디럭스팩,,말리부 2.0 LT 디럭스팩,230,105,0,22노9219,KLAGA692DDB014210,12/12식 (13년형) 연형정보,2013,"160,642km",160642,가솔린,쥐색,서울,오토,1998,중형차,5.0,41641527,"#HOT,#COOL,#양호",엔카 실촬영,곽철희,(주)셀링오토,매매,20,182,서울 강서구,SE24-00193,엔카진단센터 강서 오토플랙스,02-2068-4223,서울 강서구,0.0,0.0,-1,-1,엔카 실촬영,보험이력 5건,5.0,일반 / 엔카직영,,"/v1/readside/vehicle/41641527?include=ADVERTISEMENT,CATEGORY,CONDITION,CONTACT,MANAGE,OPTIONS,PHOTOS,SPEC,PARTNERSHIP,CENTER,VIEW",AgV4C4PDB9/+fx26LzRWJq+EQaFM8xJ2xdg8ul24l5OR2IkAcQACAAdFbmNhckNrAAdFbmNhckN2ABVhd3MtY3J5cHRvLXB1YmxpYy1rZXkAREErM29QaWNSYm5KcTczSVNsRm5SeVBJL0JwczhBcVdKdXc5UU5oWnJOYTgrNm14dDQ4Y0RkaGxiUHIvRUxFR2ZRdz09AAEAB2F3cy1rbXMAUGFybjphd3M6a21zOmFwLW5vcnRoZWFzdC0yOjI3MjM2MjQ4NzY1MzprZXkvbXJrLWRmZWEyNmY3NTVhMzQ3MjliNjkwMjRkZWZmM2M1MWFjALgBAgEAeAuqQuSJvQ+Ra4FSj55FZzS0sk+00amsb3yoAFiEYn4PAY335GCHNP76W+bz406iAsgAAAB+MHwGCSqGSIb3DQEHBqBvMG0CAQAwaAYJKoZIhvcNAQcBMB4GCWCGSAFlAwQBLjARBAyMcOjYzOLs1zfaXXsCARCAO/7zWUOauIC8ErMmV0T7xUZzl66hMDLrnxgvP6pmetaeGLuvHnlCC+c1E48z5MB1d9qjhiDMS/tKjvBiAgAAEABhGw6WXtwxFwn/YkATcOYGWrF3yqp632hkNnaMVZ9by8j0bcW8hGr49enWw2Q2jdj/////AAAAAQAAAAAAAAAAAAAAAQAAAJ7ik4/RahOa04ucDBwhq8er4TbireaL3E/H4fKsMKr8C3HDb63+ar9BRbKAOspvjcurYcy4546k2/MenAUqdLK+nlGnrO6IONOjhvSwptUvgyA3TPhTnKm5UEJuxVdHSV0yk/KQoK2Jzau8OciKdg2+aRUFQGgbC9BzKhdb7YRsiBKuEJJ+3ynPo1s2cBUaQBegmQiZaeiEE9IO3aKwvXfBTumuODzelOpyNYf5ImAAZzBlAjApKENXB/arTiN3GAVy4UhWNTOZutbQGT91reik2FscobPyQnbqb/pvz1XFhoGQifQCMQDeH+yl1odLlnc95Eh9HFkcd/sGEAK7UFOrEWlvobf3hVzJqo5Gjwup50Ab1CVqJzA=,33,0,0,0,"001,003,006,007,008,014,015,017,019,020,021,022,023,024,026,027,030,031,032,033,035,051,055,056,057,063,068,071,072,074,081,094,097",,,,0,0.0,1,0,1,1,0,1,0,1,4.0,0.0,0.0,교환 4 || 판금 없음 || 부식 없음,1.0,0.0,1.0,8.0,1.0,1,1.0,0.0,https://fem.encar.com/cars/detail/41641527?advClickPosition=mweb_mowoo_g19_t9982&listAdvType=mowoo&type=detail&view_type=normal,
41571551,쉐보레(GM대우),더 뉴 스파크,프리미어,,더 뉴 스파크 프리미어,699,142,3,55서4003,,18/12식 (19년형) 연형정보,2019,"94,173km",94173,가솔린,쥐색,대구,오토,999,경차,5.0,41571551,,,장민호,SB모터스,매매,9,71,대구 서구,1905300005,,,대구 서구,0.0,0.0,-1,-1,,보험이력 공개,,일반 / 엔카직영,,"/v1/readside/vehicle/41571551?include=ADVERTISEMENT,CATEGORY,CONDITION,CONTACT,MANAGE,OPTIONS,PHOTOS,SPEC,PARTNERSHIP,CENTER,VIEW",AgV4jc9TW3JkwgirJg7Fjra4rbOu9b3w/Uszs9E2lhw8PFMAcQACAAdFbmNhckNrAAdFbmNhckN2ABVhd3MtY3J5cHRvLXB1YmxpYy1rZXkAREF3eXhrYlQ2QmR5NkNzMVZ5TzVBUWc0aWtnWXFnZlI0d0J1cFRPRHdXUy9kYUVYdGtxdGNmUURvODZJbkswRzdtQT09AAEAB2F3cy1rbXMAUGFybjphd3M6a21zOmFwLW5vcnRoZWFzdC0yOjI3MjM2MjQ4NzY1MzprZXkvbXJrLWRmZWEyNmY3NTVhMzQ3MjliNjkwMjRkZWZmM2M1MWFjALgBAgEAeAuqQuSJvQ+Ra4FSj55FZzS0sk+00amsb3yoAFiEYn4PAbZXz7LKR8OdByzRnx3n6lsAAAB+MHwGCSqGSIb3DQEHBqBvMG0CAQAwaAYJKoZIhvcNAQcBMB4GCWCGSAFlAwQBLjARBAzuqMZhBHs87b+fYsECARCAO4BhGKaKeTWm5JeAo07PBGs8hFjKLjcj7abhqeo5Wd+fDaGdtoc26S6EuF7GNMbBh6dCZvMozuR/35/bAgAAEAAzodrXLuc0Aij6ZY5t7Lek3FL/E02kZGgcsqVoBxisf2knx7DT/JWl3X1VGbJksef/////AAAAAQAAAAAAAAAAAAAAAQAAAJ4oSbiCaX+CztZJ4nCzvUKjm1fDM2AP9BLzXhyfzKtqRf9cqnUyWuTCUMN9HrNp36zpYNT/rGCY0r6dyZPj7oQ/LoCGBx9Qm6oOdxAqDUTzxXvBdNw38AoTfq0puX7UMQCAliuKKYGe9x5npybStvZJNqnr8urls5Qo4OISCoyu4kXYht+im3uEd0BzsjVXS0QPRHYLxFXXV1r/xifOJdpAqglod8wayRVlUoxP+SMAZzBlAjArAoWOtr2jha0FV4+XXfmBa7Yp8penbyGVCG66LlpISRcFXbH4Teb6d2SW9col/uECMQDrFLBc0hwQN6wD9K0EzMYyRL2SpS0L3ryfpqevLmUhOgnDy+bZ+DVVEqfYSXcq28w=,30,3,0,0,"001,004,005,006,007,008,014,015,017,019,020,022,024,026,027,030,031,032,033,055,056,057,068,072,074,082,086,088,096,097","1017,1013,1016",,,0,0.0,1,0,0,1,1,1,0,1,3.0,0.0,0.0,교환 3 || 판금 없음 || 부식 없음,1.0,0.0,1.0,6.0,,1,1.0,0.0,https://fem.encar.com/cars/detail/41571551?advClickPosition=mweb_mowoo_g20_t9982&listAdvType=mowoo&type=detail&view_type=normal,
41511399,쉐보레(GM대우),트레일블레이저,1.3 터보 2WD,프리미어,트레일블레이저 1.3 터보 2WD 프리미어,1680,1361,3,111도2840,KLAPC56LDNB107066,22/03식 연형정보,2022,"69,468km",69468,가솔린,검정색,경기,오토,1341,SUV,5.0,41511399,"#HOT,#COOL,#양호",엔카 실촬영,차주원,차투차(주),매매,408,1817,경기 수원시 권선구,GC18-00506,엔카진단센터 수원 평동점(진단),031-278-9461,경기 수원시 권선구,0.0,0.0,-1,-1,엔카 실촬영,보험이력 1건,1.0,일반 / 엔카직영,,"/v1/readside/vehicle/41511399?include=ADVERTISEMENT,CATEGORY,CONDITION,CONTACT,MANAGE,OPTIONS,PHOTOS,SPEC,PARTNERSHIP,CENTER,VIEW",AgV45kY0aPUX8tusVFBB3MyE6aJEhiq3ONh4pUf4I298o5YAcQACAAdFbmNhckNrAAdFbmNhckN2ABVhd3MtY3J5cHRvLXB1YmxpYy1rZXkAREEvNG84NjFWMGxrVVFCcmdrTktja0d3VEwzTmcvTHVNNVFJaFZqb3B5YWcxYkdnZ1RMVytXTW0yckovOW5ycmI5Zz09AAEAB2F3cy1rbXMAUGFybjphd3M6a21zOmFwLW5vcnRoZWFzdC0yOjI3MjM2MjQ4NzY1MzprZXkvbXJrLWRmZWEyNmY3NTVhMzQ3MjliNjkwMjRkZWZmM2M1MWFjALgBAgEAeAuqQuSJvQ+Ra4FSj55FZzS0sk+00amsb3yoAFiEYn4PAZeXZ0B+Nfd8vWVciW22VLQAAAB+MHwGCSqGSIb3DQEHBqBvMG0CAQAwaAYJKoZIhvcNAQcBMB4GCWCGSAFlAwQBLjARBAwTZn1keZUiifmD4okCARCAO98oIjmMQVucQJtTl4EO3Otdt3pqYiw5eQ+4C3MrzA6V+pAiXMQXEXhKZ48TTs3e/wHEnPaQ1m1xlZPuAgAAEABwV+nOLucXqycjc7DEacnmNFJ7s5zAIf8gOup1WgUvW2LNq97ovZD/C37jiDcB9eb/////AAAAAQAAAAAAAAAAAAAAAQAAAJ5COBdrqulI+h2iuyWSHdRfU5G19U+fw36o2BZw9dd0HvnGi+/4IsH4ItEHeTkeOryjaPpcQqu4HTspt8vnJ8k/bwk03TSOVUh9G7USLrl9DE5GA4irnoQNL3szq6TFh8lAWCEU6XJQ5oQP5qkG5mKQLwB4toiH0sBsF5mzcrL4VB9ZERlMm8Ui6OJ4pj4cF2ofFDtubRQTAb1eB4dtO8c1N7fX7kvCkoNHoYNG0lQAZzBlAjEA+dzhkQ82VtTyDqwUrX8hvXC/rCyZJee8btrj9cbfaFLegcX0J8xOYcVDkOzgWzomAjAcG9vqpeQtGzVBr9uP+cYMnW3zSFmEMxG3G20WDgjB2y9K/hwqzeodIFo3HWFZJgQ=,33,1,0,0,"001,004,006,007,008,014,015,017,019,020,023,024,026,027,030,031,032,033,055,056,057,058,059,062,068,071,072,074,075,088,094,096,097",1016,,,0,,1,1,1,1,0,0,0,1,0.0,2.0,0.0,교환 없음 || 판금 2 || 부식 없음,0.0,1.0,1.0,2.0,1.0,1,0.0,0.0,https://fem.encar.com/cars/detail/41511399?advClickPosition=mweb_mowoo_g21_t9982&listAdvType=mowoo&type=detail&view_type=normal,1.0
41648672,쉐보레(GM대우),올 뉴 말리부,1.5 터보 LTZ,,올 뉴 말리부 1.5 터보 LTZ,900,3,0,26도0626,KLAZA69SDHB710571,16/07식 (17년형) 연형정보,2017,"118,055km",118055,가솔린,흰색,경기,오토,1490,중형차,5.0,41648672,"#HOT,#COOL,#양호",엔카 실촬영,차주원,차투차(주),매매,408,1817,경기 수원시 권선구,GC18-00506,엔카진단센터 수원 평동점(진단),031-278-9461,경기 수원시 권선구,0.0,0.0,-1,-1,엔카 실촬영,보험이력 1건,1.0,일반 / 엔카직영,,"/v1/readside/vehicle/41648672?include=ADVERTISEMENT,CATEGORY,CONDITION,CONTACT,MANAGE,OPTIONS,PHOTOS,SPEC,PARTNERSHIP,CENTER,VIEW",AgV4Hq6OnVM7QWugzRfAhHhZQZpjZ3pU99EHooZnO4ATgygAcQACAAdFbmNhckNrAAdFbmNhckN2ABVhd3MtY3J5cHRvLXB1YmxpYy1rZXkAREE4Y1lmbEpSbFV6MHYzSndLeWFib1BUTDd0akl3eUMrTkJYVzVtWWttWmUycEFmWGl4QnpBYzZxcVp3K1NWZ2R0Zz09AAEAB2F3cy1rbXMAUGFybjphd3M6a21zOmFwLW5vcnRoZWFzdC0yOjI3MjM2MjQ4NzY1MzprZXkvbXJrLWRmZWEyNmY3NTVhMzQ3MjliNjkwMjRkZWZmM2M1MWFjALgBAgEAeAuqQuSJvQ+Ra4FSj55FZzS0sk+00amsb3yoAFiEYn4PASiifK2AND5GR/E4JWv20nQAAAB+MHwGCSqGSIb3DQEHBqBvMG0CAQAwaAYJKoZIhvcNAQcBMB4GCWCGSAFlAwQBLjARBAwqG+5ojkSP2whY1NECARCAO3rK5hMX5PzMqZlxyEgWk8nMKwKkkqXGnRs57XEZDzLgixy04Um73b3GDm1XVcLVKKtwAmEjWgQK9LJUAgAAEAARgfSS5O4g3zmm34YLll6gADkX446AFV/gv3PFOVhfEvDhxq+2twh0Bk7okDuwT37/////AAAAAQAAAAAAAAAAAAAAAQAAAJ4telj5DU0INQwY9VbGZoZ9CMPttNSlWK+/p9G9yFPpc24NwUJfZwt0AnYlOMEJwzdiqW3azHuLBdFcs426bbAbaH0KHQSKWkY/vnIX+4WGeMl/f8DxICbra3dLaAqP6xOOD8D1kLhAodT+EaDuHJ+3Z+J1XZ7cQKnC53DjuIpgecr2/t6/XqX7a4WPv4GBhsHYZL2p2s3RYYDnD/+x2WQOadug5v1tGj7+9Y2BP4cAZzBlAjBupfAEzbW6pFOvGYx7g3D4O1ci4P+l6Q1yzL8sHOM4QL4WmYOqM6jdMvYelNaKKBsCMQCHEAZzzeKX9qRqEporOWoetTm0yhz9F1NiNANnaKp9efNbKmQjnC1FOMAVUUQmVFw=,38,0,0,0,"001,004,006,007,008,014,015,017,019,020,021,022,023,024,026,027,030,031,032,033,034,035,051,055,056,057,058,068,071,072,074,077,081,082,085,094,096,097",,,,0,0.0,1,1,1,1,0,1,1,1,0.0,0.0,0.0,교환 없음 || 판금 없음 || 부식 없음,0.0,0.0,0.0,0.0,1.0,1,0.0,0.0,https://fem.encar.com/cars/detail/41648672?advClickPosition=mweb_mowoo_g22_t9982&listAdvType=mowoo&type=detail&view_type=normal,
41591263,쉐보레(GM대우),올 뉴 말리부,1.5 터보 LS,디럭스,올 뉴 말리부 1.5 터보 LS 디럭스,470,271,6,04수4440,KLAZA69SDHB740363,17/01식 연형정보,2017,"178,575km",178575,가솔린,청색,대구,오토,1490,중형차,5.0,41591263,"#HOT,#COOL,#양호",엔카 실촬영,채종환,준더모터스,매매,6,32,대구 동구,24-053-00100,엔카진단센터 대구 동촌점,053-983-5455,대구 동구,0.0,0.0,-1,-1,엔카 실촬영,보험이력 9건,9.0,일반 / 엔카직영,,"/v1/readside/vehicle/41591263?include=ADVERTISEMENT,CATEGORY,CONDITION,CONTACT,MANAGE,OPTIONS,PHOTOS,SPEC,PARTNERSHIP,CENTER,VIEW",AgV4ZlBKrdNrHv6Atn4Rovoj5ag0CQhLHSHAccNjQ4Dwl08AcQACAAdFbmNhckNrAAdFbmNhckN2ABVhd3MtY3J5cHRvLXB1YmxpYy1rZXkAREFzRDJNWXZTbzR6Y3BZVlRaU29xbXFtRDNBckZIbHpWU0ozaloyK3NkcVRGZ0tONGRDbWZRYVVZa0V5MWxyaklOZz09AAEAB2F3cy1rbXMAUGFybjphd3M6a21zOmFwLW5vcnRoZWFzdC0yOjI3MjM2MjQ4NzY1MzprZXkvbXJrLWRmZWEyNmY3NTVhMzQ3MjliNjkwMjRkZWZmM2M1MWFjALgBAgEAeAuqQuSJvQ+Ra4FSj55FZzS0sk+00amsb3yoAFiEYn4PAd2B2q01ymA/Jy6MKu6eP8YAAAB+MHwGCSqGSIb3DQEHBqBvMG0CAQAwaAYJKoZIhvcNAQcBMB4GCWCGSAFlAwQBLjARBAy0K6f1QzF2DcCMTv8CARCAOw2euvUVhEVF58KO2Rq3uWKKzqD68C1UcIAQL4z9i3mxWpMw5ZZfHf+x4GmEXLgtBbd1wl5XyCbKpk/6AgAAEACjMIfsh5MWz8zGwvbGeJ2hu16BosLwb6UakkqYIbQSZBJWrN7KSkJ0CPVqUgKorzr/////AAAAAQAAAAAAAAAAAAAAAQAAAJ41sQzZnbaD0TgqKr3n0HGHYFbtQnwdZdWg8k76Fm0hUhleOmeG/cmohPqT3C6B+sjkspRu3wYPRmTuDGm86n9ALQFBWdv6/Jx/+IBrrIgaopsXQg38jXlO2smMs8PNapaMm4F7lhun2xHm4vuPw1PBSwZ3p8GVZDW3di0qamMcVBrei6u3racBKpuwh0DrBa3IN8yg2qoCC07ITgms/4Ic/msFeFfShsZLohGxWKcAZzBlAjAS70qrAL1W5XV0f+QTfbk+G8fXS2h4PXhGo4OyCEuQw/z+7nmrL+FVV6X8R+uCRjACMQD5YmLFDtTB2WsYRxUkk3fvcgq0aQLKBiy3mb4MWqGxRmhd2X/yk2wB0IVYmbx6jig=,28,0,0,0,"001,004,006,007,008,014,015,017,019,020,022,024,026,027,030,031,032,033,055,056,057,058,072,074,085,094,096,097",,,,0,0.0,1,1,0,1,0,1,0,1,2.0,0.0,0.0,교환 2 || 판금 없음 || 부식 없음,1.0,0.0,1.0,4.0,1.0,1,1.0,0.0,https://fem.encar.com/cars/detail/41591263?advClickPosition=mweb_mowoo_g23_t9982&listAdvType=mowoo&type=detail&view_type=normal,
41395505,쉐보레(GM대우),어메이징 뉴 크루즈,1.4 터보 LT 디럭스팩,,어메이징 뉴 크루즈 1.4 터보 LT 디럭스팩,430,896,11,58구9621,KLAJA698DGK352624,16/12식 연형정보,2016,"75,641km",75641,가솔린,쥐색,경기,오토,1362,준중형차,5.0,41395505,"#HOT,#COOL,#양호",엔카 실촬영,오우영,무결점카모터스_진단++,매매,13,80,경기 수원시 권선구 권선로 308-5,GC18-00425,엔카진단센터 수원 고색점,031-291-4123,경기 수원시 권선구 권선로 308-5,0.0,0.0,-1,-1,엔카 실촬영,보험이력 8건,8.0,일반 / 엔카직영,,"/v1/readside/vehicle/41395505?include=ADVERTISEMENT,CATEGORY,CONDITION,CONTACT,MANAGE,OPTIONS,PHOTOS,SPEC,PARTNERSHIP,CENTER,VIEW",AgV4B+Qzb2tsNxO0Mf/2ig6oHCti9aQCe8m+md+UXZgdAdwAcQACAAdFbmNhckNrAAdFbmNhckN2ABVhd3MtY3J5cHRvLXB1YmxpYy1rZXkAREFqL1RCbHFVRXFjK09neHJVTnIxeWNBTklHVkJpRStOc0U1OUVlY003WnptNGlsaGVaQm5nOXRVTWRnN2JDNm5MUT09AAEAB2F3cy1rbXMAUGFybjphd3M6a21zOmFwLW5vcnRoZWFzdC0yOjI3MjM2MjQ4NzY1MzprZXkvbXJrLWRmZWEyNmY3NTVhMzQ3MjliNjkwMjRkZWZmM2M1MWFjALgBAgEAeAuqQuSJvQ+Ra4FSj55FZzS0sk+00amsb3yoAFiEYn4PAXBV5gRxgOdnZ4dYiY0CcHcAAAB+MHwGCSqGSIb3DQEHBqBvMG0CAQAwaAYJKoZIhvcNAQcBMB4GCWCGSAFlAwQBLjARBAwybmu+bSLjJzL5fKcCARCAO/ksDbxjDTuq2/1SKGFC0E2QXGKQcmWOv7t5WcVBLyiWfbEbtbNrtbw0EaV+1yq66Q0vBRYIPYJUiuBQAgAAEABpaBZXI6hnjcDnchDaegvxjJ1IdB3nzdvkwOLXRtmD9axR9uBXv3NFOJzg5W6USHz/////AAAAAQAAAAAAAAAAAAAAAQAAAJ7GkspJABhc5vJns1zeI9PyzFlAZMveQY2KggjWBd/Ff6mZ9KDcpS0mqvxwnpwYZ0NyFNzYFGtETWwsF9puN5Sw67uYOjnqYkhmV7IM4ZCx4R9aVV+zjjzOxKAq7XL7mqWeX8DdypB/kr7rhQ7Bq2XFX7aNesxWAdApsVF4MEW14Y2isaiYH+A4MYCLU2xtyh09OfVBs1/5SyMhqxKnW0tUTjHISWSozodkQ7jdRJkAZzBlAjEAkOF0FaMig7eifgj1bVn6uBN0NgS7D7GcJJ3ZfkaPzNqsu53vS3qg4rfBzGjiCQqkAjAxsUVy9tOt4ik/NqI4EeSp8sBFD4ElpH1zctrp7bVTupMI8ht0VxG6JbNdwIm71lg=,25,0,0,0,"001,003,006,007,008,014,015,017,019,020,022,024,026,027,031,032,033,055,056,058,068,071,072,096,097",,,,0,0.0,1,1,0,0,0,1,0,1,2.0,2.0,0.0,교환 2 || 판금 2 || 부식 없음,1.0,1.0,1.0,6.0,1.0,1,1.0,0.0,https://fem.encar.com/cars/detail/41395505?advClickPosition=mweb_mowoo_g24_t9982&listAdvType=mowoo&type=detail&view_type=normal,
41587925,쉐보레(GM대우),올란도,2.0 디젤 LT,프리미엄,올란도 2.0 디젤 LT 프리미엄,299,101,1,69주6574,KLAYA75YDCK500898,11/03식 (12년형) 연형정보,2012,"138,886km",138886,디젤,흰색,경기,오토,1998,RV,7.0,41587925,"#HOT,#COOL,#양호",엔카 실촬영,윤성준,(주)월드모터스,매매,13,18,경기 고양시 일산동구,GG18-02775,엔카진단센터 일산점,031-932-8543,경기 고양시 일산동구,,,-1,-1,엔카 실촬영,보험이력 4건,4.0,일반 / 엔카직영,엔카 직영성능장에서는 69개 항목을 꼼꼼히 점검합니다. 정확한 성능점검 기록으로 타사 대비 최대 55% 성능보험료가 저렴합니다.,"/v1/readside/vehicle/41587925?include=ADVERTISEMENT,CATEGORY,CONDITION,CONTACT,MANAGE,OPTIONS,PHOTOS,SPEC,PARTNERSHIP,CENTER,VIEW",AgV4saU/PO/xurl//0rYZY1c0Um/ySqkLbVSQLyKeEqykkgAcQACAAdFbmNhckNrAAdFbmNhckN2ABVhd3MtY3J5cHRvLXB1YmxpYy1rZXkAREFreWJwSmoySk9VTXl1WFVvdUlHVXZZZ3BSMGFMY0tuZHZadXUrM1pwVEhrQzcwbDlVV00xc0Q3NVlQNmhTUTBXUT09AAEAB2F3cy1rbXMAUGFybjphd3M6a21zOmFwLW5vcnRoZWFzdC0yOjI3MjM2MjQ4NzY1MzprZXkvbXJrLWRmZWEyNmY3NTVhMzQ3MjliNjkwMjRkZWZmM2M1MWFjALgBAgEAeAuqQuSJvQ+Ra4FSj55FZzS0sk+00amsb3yoAFiEYn4PAVyq+3X3RkO7vjXAKYGOqeEAAAB+MHwGCSqGSIb3DQEHBqBvMG0CAQAwaAYJKoZIhvcNAQcBMB4GCWCGSAFlAwQBLjARBAwWMfhmGGL7VpDU5egCARCAO9XLUeEBgCSzJXBMZcKOrtSQRvt3ReXGXSCEYnBhziRsYZBUqBtRVgmoF6BgO/t2vFZU4HVsdg9zfkngAgAAEABFyZ8ElTAuYv7ZtgCLApE5qwoIBhwcvoiPXtu43KsShw96bXU9nVt+BSNN8UoRNpj/////AAAAAQAAAAAAAAAAAAAAAQAAAJ6a4W4BRwsZxMvRqxgsou0n/FgjbKk2peT2p2nUz7UcFJzrJtgBLsP5aI6QEC8vqyq86cvg9C1FxjX5IO59Jpzbp2m2jWXbggrKODrmLiYjZESv97eDrNrR7hM77gvQxQoprQHSZkYYNcXQGrkCio8H3h5NuGAhwEdxI6JA02JScsGJDdq7EngpMBTkIcR4VNIIwF871V9MjZYJYHz6AlFLOTWg9Uo2eMPg4YD2LEAAZzBlAjBCP5VrUZ2IItfLPJedXk/ttHVYWvpBmuluYfDF1/RtC+/UuK8zFUsF+0V+awQQIZUCMQDHt4yWXXrtxm7MSbUxNoOZxKRHYDN811LsjUC4XfGVt57qYoXDUUEBrd02ciapJ9s=,24,0,0,0,"001,003,004,005,006,007,008,014,015,017,019,022,024,026,027,030,031,032,055,058,062,071,072,097",,,,0,0.0,1,1,0,0,1,1,0,1,6.0,3.0,0.0,교환 6 || 판금 3 || 부식 없음,1.0,1.0,1.0,15.0,1.0,1,1.0,0.0,https://fem.encar.com/cars/detail/41587925?advClickPosition=mweb_mowoo_g25_t9982&listAdvType=mowoo&type=detail&view_type=normal,
41515475,쉐보레(GM대우),올 뉴 크루즈,1.4 터보 LT,디럭스,올 뉴 크루즈 1.4 터보 LT 디럭스,460,761,9,02루1501,KLANA69MDHK625114,17/06식 연형정보,2017,"127,817km",127817,가솔린,쥐색,경기,오토,1399,준중형차,5.0,41515475,"#HOT,#COOL,#양호",엔카 실촬영,임경빈,코리아모터스(도이치)_진단++,매매,67,379,경기 수원시 권선구 권선로 308-5,GC20-04985,엔카진단센터 수원 고색점,031-291-4123,경기 수원시 권선구 권선로 308-5,0.0,0.0,-1,-1,엔카 실촬영,보험이력 9건,9.0,일반 / 엔카직영,,"/v1/readside/vehicle/41515475?include=ADVERTISEMENT,CATEGORY,CONDITION,CONTACT,MANAGE,OPTIONS,PHOTOS,SPEC,PARTNERSHIP,CENTER,VIEW",AgV4VVaXz7TFBWFgZSyY0Ht+/jqAc7dgKBFv7i0RIFqfn9sAcQACAAdFbmNhckNrAAdFbmNhckN2ABVhd3MtY3J5cHRvLXB1YmxpYy1rZXkAREFqSWZ6QUVQZ1NoZUJXazlRbndMY0MxaTFVUkhkNFhUMlp4ZmY5Vy9JQUs4RUN2UE1LbCtVUFFuV3loaWYrVmxqZz09AAEAB2F3cy1rbXMAUGFybjphd3M6a21zOmFwLW5vcnRoZWFzdC0yOjI3MjM2MjQ4NzY1MzprZXkvbXJrLWRmZWEyNmY3NTVhMzQ3MjliNjkwMjRkZWZmM2M1MWFjALgBAgEAeAuqQuSJvQ+Ra4FSj55FZzS0sk+00amsb3yoAFiEYn4PAfZHni5t4Rj999Ww1++w7NwAAAB+MHwGCSqGSIb3DQEHBqBvMG0CAQAwaAYJKoZIhvcNAQcBMB4GCWCGSAFlAwQBLjARBAwaqTJWvT4durAZ8Q8CARCAO8BMfv2zRlrdr2C67EFndeTAv1ZRsv0Q/k18YQXgFHFxu3pJJ6m90fGYrNEZePuDtbYNpxJqnFjNXzjsAgAAEADVY+l6DXd2MylHXXqizmAf5AqgS0UP0moqhSCMPxP1+Q6qDQ/FQm2C7fPoLoE26/n/////AAAAAQAAAAAAAAAAAAAAAQAAAJ7rKpwxdWRmb4WCx1m8nWXlM/dzG8m9poBOLLdpa904d/HG6fBXfleUCS/lcv8a/5aOIoTRU+wu9tuj+sll9f+3bbW/BUeRTiCEWSyqUVL93XAPfVZSt2Y4C3jURCuZuv4kIEjcEhCt2KZxskpPQ85PZisA7Ahd7Y1M/CYshRqZtHIiNm4eEJD8oVardgByARA+4JHEwl6YXSxLMt7hd8MPmWycbf4iJLPMuWId9EYAZzBlAjB50n8ojCRZPSWVIbBE2zJFq4r9u7j4SyWaFOAt8utJ7TOzWKqP05Z5gluNXHwcK1ICMQCBrEF3k6ABDY19gWgFtiqkuQQ1IVSkYMCeP3widTJfIaokhZcT9Sbyv+QOharwcPQ=,28,0,0,0,"001,004,006,007,008,014,015,017,019,020,022,024,026,027,031,032,033,055,056,057,058,068,071,072,081,082,096,097",,,,0,0.0,1,1,0,1,0,1,0,1,5.0,2.0,0.0,교환 5 || 판금 2 || 부식 없음,1.0,1.0,1.0,12.0,1.0,1,1.0,0.0,https://fem.encar.com/cars/detail/41515475?advClickPosition=mweb_mowoo_g26_t9982&listAdvType=mowoo&type=detail&view_type=normal,
41657645,쉐보레(GM대우),트레일블레이저,1.3 터보 4WD,RS,트레일블레이저 1.3 터보 4WD RS,1930,31,1,115두9634,KLAPD56LDNB104379,22/03식 연형정보,2022,"128,449km",128449,가솔린,흰색,대구,오토,1341,SUV,5.0,41657645,"#양호,#HOT,#COOL",tex100% key2,박정오,엠모터스,매매,38,322,대구 동구 안심로59길 36,2405300290,엔카진단센터 대구 동구점,053-965-8746,대구 동구 안심로59길 36,,,-1,-1,tex100% key2,보험이력 3건,3.0,일반 / 엔카직영,,"/v1/readside/vehicle/41657645?include=ADVERTISEMENT,CATEGORY,CONDITION,CONTACT,MANAGE,OPTIONS,PHOTOS,SPEC,PARTNERSHIP,CENTER,VIEW",AgV4mOGOulFTl5ql4hmlRkoi6XZexIgw5VvnwyIdnf0xhlsAcQACAAdFbmNhckNrAAdFbmNhckN2ABVhd3MtY3J5cHRvLXB1YmxpYy1rZXkAREF3SkkycGU0R2lQSjVVK2RGa3BEcjRUMmZXY1hYSFlPV1NzNi9NMFB1UitNTy9GR1VxaVdQYmVNL3dXSnNGa2RSdz09AAEAB2F3cy1rbXMAUGFybjphd3M6a21zOmFwLW5vcnRoZWFzdC0yOjI3MjM2MjQ4NzY1MzprZXkvbXJrLWRmZWEyNmY3NTVhMzQ3MjliNjkwMjRkZWZmM2M1MWFjALgBAgEAeAuqQuSJvQ+Ra4FSj55FZzS0sk+00amsb3yoAFiEYn4PATwJwcF3n2j2IASa80KBw+wAAAB+MHwGCSqGSIb3DQEHBqBvMG0CAQAwaAYJKoZIhvcNAQcBMB4GCWCGSAFlAwQBLjARBAwBMNuXY0I2HFfwv6sCARCAOyFO62/E+HnlV77aIKKUNTSG4mzfbvX7/uEHqRsHrLe5B/qte1v4maXRM+JXLh/QYx8TNdLiAe8rOyQDAgAAEABYbxIcA30/8BSgLZkf1TpII7jEjPPzDZ8JqMVmtD/jcmKXBULRRQ06eLfjsc3YlRj/////AAAAAQAAAAAAAAAAAAAAAQAAAJ6DFCghMudxFuqsYsrgSabjXz/7640RXdRjbC2JVV3FisfBg+kc264v9OZ3Ujcx+pqC+IhK0ZftrdMuKK3Wer8qNjkk8pynd+s7PAOhI8bTWxsGyuLkltKp3VLAQYrrw/Fos2i8dpY/oHV9sYjucm0u3EvcojQpbMsVnExG/Iy1d63lWQQAFnXwWV+Hzwvn+M0tUHwgT4TO9jZqjSeR6OB56h02ItlJ9rk7CkFijKYAZzBlAjBtdvdyrGoWSfZs1s6hb5rGpQtiz5Z7UhGLBVoOHX6lgUNoIKNQnQ084fSZxBv2pgsCMQDzGaKxvK/a7Ljd8RLXaoAV/5Ttf9oz1X6hUq8Ns/F4ruhItDtDqKpQSOABg833jak=,44,5,0,0,"001,004,005,006,007,008,010,014,015,017,019,020,021,022,023,024,026,027,030,031,032,033,034,055,056,057,058,059,062,063,071,072,074,075,077,079,081,082,086,088,094,095,096,097","10003,1026,1021,1022,1025",,,1,,1,1,1,1,1,1,1,1,3.0,0.0,0.0,교환 3 || 판금 없음 || 부식 없음,1.0,0.0,1.0,6.0,1.0,1,1.0,0.0,https://fem.encar.com/cars/detail/41657645?advClickPosition=mweb_mowoo_g27_t9982&listAdvType=mowoo&type=detail&view_type=normal,1.0
41572524,쉐보레(GM대우),올란도,2.0 디젤 LTZ,프리미엄,올란도 2.0 디젤 LTZ 프리미엄,550,76,1,64나2633,KLAYA75YDFK038895,15/04식 연형정보,2015,"103,719km",103719,디젤,흰색,경기,오토,1998,RV,7.0,41572524,"#양호,#HOT,#COOL",이력X 입고후양등속수리 마이링크 18인치휠 전좌석열선 버튼시동,최덕근,찐모터스,매매,73,408,경기 수원시 권선구 평동로79번길 45,11-031-58961,엔카진단센터 수원 권선점,031-278-9461,경기 수원시 권선구 평동로79번길 45,0.0,0.0,-1,-1,이력X 입고후양등속수리 마이링크 18인치휠 전좌석열선 버튼시동,보험이력 2건,2.0,일반 / 엔카직영,,"/v1/readside/vehicle/41572524?include=ADVERTISEMENT,CATEGORY,CONDITION,CONTACT,MANAGE,OPTIONS,PHOTOS,SPEC,PARTNERSHIP,CENTER,VIEW",AgV4aB30e5ktsae6Ceyy51TZGyAnMK4hdupctsKDTcI7m0YAcQACAAdFbmNhckNrAAdFbmNhckN2ABVhd3MtY3J5cHRvLXB1YmxpYy1rZXkAREErS25tTkswL2NLT3Vsd3FwVUtBNGpSREw4eGoxUmJrU3hWZ0U4eis5VXRTN3lFK3lDNGsvMUNyT2R6VXJOclZwUT09AAEAB2F3cy1rbXMAUGFybjphd3M6a21zOmFwLW5vcnRoZWFzdC0yOjI3MjM2MjQ4NzY1MzprZXkvbXJrLWRmZWEyNmY3NTVhMzQ3MjliNjkwMjRkZWZmM2M1MWFjALgBAgEAeAuqQuSJvQ+Ra4FSj55FZzS0sk+00amsb3yoAFiEYn4PAYaps3dDYCMGS5iwrKF+TMIAAAB+MHwGCSqGSIb3DQEHBqBvMG0CAQAwaAYJKoZIhvcNAQcBMB4GCWCGSAFlAwQBLjARBAz4C718CWYVOYStEr0CARCAO1UsDkYONRanK0TZexsSyb6K0RJNFmgf948/CRwe9O04H48OFZnkxLNxtznleVQeyi+RbxBUEWaCd8PnAgAAEACYEfTP73EeLkrLn2IN2m+pgYNHOQ3BDlha0LmzXBuJ+eSKSqhVq/w5dzTSwc1hWHn/////AAAAAQAAAAAAAAAAAAAAAQAAAJ55e4nFJ4qfwhKa2n+qlj4Jli1jCT4OwVZThrVUvF/fwJKVmltIbt6I3S+FZjlPD4MOWq/xNxRhfJvj1sV4oFJyL/iVwaIag9b9yHx0FoB7vIDtc3XICMfeBnoxrae2b+Wie74L8o+Uf+9ty+yvCy/WRwZ/96CZFwJ1SQo3X2HIbJlMPPYq8jMENgwewDf1flUqSzPD6WUgF3MNRmOL2Lm04fr9g0QjSdewdN1t5FEAZzBlAjAFc234e9Yt+YK0H/S0MVnacirJfUItBbAOvg4zIBSh/gcXRAy+0UjFyKKxozxWm90CMQCUE6jGjqhxru/dm4GLyhIF/0Udtpb3dGqCr1t0Cjo4fJl+VfuCrax0XjYxOX4rFyg=,35,2,0,0,"001,003,004,006,007,008,014,015,017,019,020,021,022,023,024,026,027,030,031,032,033,055,056,057,058,062,063,068,071,072,074,085,086,096,097","1014,1013",,,0,0.0,1,1,1,1,0,1,0,1,3.0,0.0,0.0,교환 3 || 판금 없음 || 부식 없음,1.0,0.0,1.0,6.0,1.0,1,1.0,0.0,https://fem.encar.com/cars/detail/41572524?advClickPosition=mweb_mowoo_g28_t9982&listAdvType=mowoo&type=detail&view_type=normal,
41522799,쉐보레(GM대우),크루즈,2.0 LTZ+,,크루즈 2.0 LTZ+,290,116,3,34고9040,,13/04식 연형정보,2013,"167,484km",167484,디젤,흰색,대전,오토,1998,준중형차,5.0,41522799,,,임익환,(주)정모터스,매매,174,1226,대전 유성구 복용동로 35,214201285,,,대전 유성구 복용동로 35,0.0,0.0,-1,-1,,보험이력 5건,5.0,일반 / 엔카직영,,"/v1/readside/vehicle/41522799?include=ADVERTISEMENT,CATEGORY,CONDITION,CONTACT,MANAGE,OPTIONS,PHOTOS,SPEC,PARTNERSHIP,CENTER,VIEW",AgV4aqhkJ+RW5XXUsynVX+T4BFEwgqtjcmmTrv74VKrViE4AcQACAAdFbmNhckNrAAdFbmNhckN2ABVhd3MtY3J5cHRvLXB1YmxpYy1rZXkAREFzeHFxZXIzZWhLcE1sdWJiSmxiTHB5N0Nrdk9aZVZ2UUxaU0Z1U3l1bTlnRE5kd2V5d0VjSmpkbWRkV040UXNyQT09AAEAB2F3cy1rbXMAUGFybjphd3M6a21zOmFwLW5vcnRoZWFzdC0yOjI3MjM2MjQ4NzY1MzprZXkvbXJrLWRmZWEyNmY3NTVhMzQ3MjliNjkwMjRkZWZmM2M1MWFjALgBAgEAeAuqQuSJvQ+Ra4FSj55FZzS0sk+00amsb3yoAFiEYn4PAaF6expf7iy/mPjUmkRa+CIAAAB+MHwGCSqGSIb3DQEHBqBvMG0CAQAwaAYJKoZIhvcNAQcBMB4GCWCGSAFlAwQBLjARBAwUnBqC447fOO6C/TwCARCAO+YLLon8P8/TcOYOD3C5VuUc3iHebe9SYuCXBuBLfixRHman2FkdhPKxgZAOnpt1RrrXNPgYdVJ8ERyAAgAAEABI5QQMb9+9sfyzSMgAquMw3Bu5CgqHM6QAFEIzleR+oprOAb/TaAtAkZuhFBFWzcT/////AAAAAQAAAAAAAAAAAAAAAQAAAJ5NzhlYvV8zaKWM/GSB8Uo13bxRvWcv1dPtFOC7oY+QY1Wa1OtYGLdoP1T3oI6sTazTjV9L3P0eNwr9SlTtrWfs7/YIykwNrHAP62X44zdxofYOMFkkfN99yEgCiEoOX8NMpUngL8oPIctTXZVGYr5Y9EriT2+mz1Tg4izet5AcaVte2ddb3kP0OU+8NR2unA04U7laCEV4HZj0Y1Du0g4DfAveYPcw7R7VY9ioW9kAZzBlAjEA6QArdUNTISPqunJiQeHpN3gNQQARVytJeXtkUKjCicC8/zB97CIIRSASa9KNvkYLAjAQgSDyxrtBkEpVzF9yiQ9UB7xg+QBvH248S6DAp9TO++ngxEeICcTWG9tRjXb+J3Y=,30,2,0,0,"001,003,006,007,008,014,015,017,019,020,022,023,024,026,027,030,031,032,033,055,056,057,058,068,071,072,074,081,096,097","1070,1069",,,0,0.0,1,1,1,1,0,1,0,1,1.0,0.0,0.0,교환 1 || 판금 없음 || 부식 없음,1.0,0.0,1.0,2.0,1.0,1,0.0,0.0,https://fem.encar.com/cars/detail/41522799?advClickPosition=mweb_mowoo_g29_t9982&listAdvType=mowoo&type=detail&view_type=normal,
41548620,쉐보레(GM대우),더 뉴 트랙스,1.4 LT,디럭스,더 뉴 트랙스 1.4 LT 디럭스,800,441,3,54너9034,KLABA76BDJB574784,18/01식 연형정보,2018,"80,461km",80461,가솔린,쥐색,경기,오토,1362,SUV,5.0,41548620,"#양호,#HOT,#COOL",무사고+1인신조+용도변경x+전동시트+깔끔한내외관+비흡연!,김은성,킹카,매매,57,227,경기 수원시 권선구,GC20-01018,엔카진단센터 수원 권선점,031-278-9461,경기 수원시 권선구,0.0,0.0,-1,-1,무사고+1인신조+용도변경x+전동시트+깔끔한내외관+비흡연!,보험이력 2건,2.0,일반 / 엔카직영,,"/v1/readside/vehicle/41548620?include=ADVERTISEMENT,CATEGORY,CONDITION,CONTACT,MANAGE,OPTIONS,PHOTOS,SPEC,PARTNERSHIP,CENTER,VIEW",AgV4Zx8o0O9L5tufWUiV75m2csZfbY8B/CwD3usbhnElqqoAcQACAAdFbmNhckNrAAdFbmNhckN2ABVhd3MtY3J5cHRvLXB1YmxpYy1rZXkAREFnZGtvQldXeld4bCtvdWgrem9vM2g3L1NkOG5iTlg0L2VBdUFuVHUyalV5MFhBMHlxVzJUWmx3UVpDNjRobWtyUT09AAEAB2F3cy1rbXMAUGFybjphd3M6a21zOmFwLW5vcnRoZWFzdC0yOjI3MjM2MjQ4NzY1MzprZXkvbXJrLWRmZWEyNmY3NTVhMzQ3MjliNjkwMjRkZWZmM2M1MWFjALgBAgEAeAuqQuSJvQ+Ra4FSj55FZzS0sk+00amsb3yoAFiEYn4PAV0GWxrnC+CNdns0UH90qN0AAAB+MHwGCSqGSIb3DQEHBqBvMG0CAQAwaAYJKoZIhvcNAQcBMB4GCWCGSAFlAwQBLjARBAzpD18M5rG+VWexwnACARCAO5pNC9MvY7p0CZgCj/aOmLaTKAXEsiowdacFsBqZOFroPDuT3bjJgbA3iFYScq0NZcCjeyLukH+/rnXZAgAAEABIqRpDsXud/O5gs6oZbe0SowhbX2dY0XfmI5GQeaACAP0F2ilb81dr4kUtgSDjuyT/////AAAAAQAAAAAAAAAAAAAAAQAAAJ5x/Kn4S5l9jr3fnoh3ljzLkbtcZoin2NPyRKSPypDPx1xxAbwNp5kmMgwhaLwrxmb1hrVmxT0EsCccOH6KyppGj8B2jH0wy75BXT+yCgf+m2RUoW5c+6kUKmZiz6sDQtyDi5Q3Y3yfhuHbGs5XtH4qWpgsRzU84vCXGjqgpgNTSDVyUSo4pys3a88ylwSGbTyrFT7RnBZVbGhHpgpOWTpK3IW+AJj6HpFalQXtZ/IAZzBlAjBhL5TIK43Wd+XHuGTB+caBuCOY1tGiQuifNqTi7YgwZRK71RhrFK3Z+nyRi1+4XIACMQDejqQ1Tuwxq4yJ37ZWHm4m1AmAK/46PbVWinqQ0QhzLwl4PL0+hCUQCX2NbHoLtxM=,32,1,0,0,"001,004,005,006,007,008,014,015,017,019,020,021,022,024,026,027,030,031,032,033,055,056,057,058,062,068,071,072,074,081,096,097",1010,,,0,0.0,1,1,0,1,1,1,0,1,2.0,0.0,0.0,교환 2 || 판금 없음 || 부식 없음,1.0,0.0,1.0,4.0,1.0,1,1.0,0.0,https://fem.encar.com/cars/detail/41548620?advClickPosition=mweb_mowoo_g30_t9982&listAdvType=mowoo&type=detail&view_type=normal,
41635874,쉐보레(GM대우),더 넥스트 스파크,LTZ,,더 넥스트 스파크 LTZ,530,49,1,59저5814,KLYDC487DGC527478,15/08식 (16년형) 연형정보,2016,"132,040km",132040,가솔린,보라색,부산,오토,999,경차,5.0,41635874,"#절충,#특옵션,#24시간상담",엔카 실촬영,양상규,그랜드상사,매매,13,44,부산 금정구 반송로 425,21-051-35586,엔카진단센터 남부산점,051-636-8973,부산 금정구 반송로 425,0.0,0.0,-1,-1,엔카 실촬영,보험이력 7건,7.0,일반 / 엔카직영,,"/v1/readside/vehicle/41635874?include=ADVERTISEMENT,CATEGORY,CONDITION,CONTACT,MANAGE,OPTIONS,PHOTOS,SPEC,PARTNERSHIP,CENTER,VIEW",AgV4r4uvtKvhd4AaMidW9RY41AeZIQPERXH2eMBvoOMpljIAcQACAAdFbmNhckNrAAdFbmNhckN2ABVhd3MtY3J5cHRvLXB1YmxpYy1rZXkAREF0d2hKbGJtVFRjcVlZTklYTFFoV3ZYMmtGSWQyck05SllncWtKeEFOczYxZlF2cGI3eDRjQ2xZRk9BUmdGSU9iQT09AAEAB2F3cy1rbXMAUGFybjphd3M6a21zOmFwLW5vcnRoZWFzdC0yOjI3MjM2MjQ4NzY1MzprZXkvbXJrLWRmZWEyNmY3NTVhMzQ3MjliNjkwMjRkZWZmM2M1MWFjALgBAgEAeAuqQuSJvQ+Ra4FSj55FZzS0sk+00amsb3yoAFiEYn4PAX8qG3dgjhqFhenE6uu2bTMAAAB+MHwGCSqGSIb3DQEHBqBvMG0CAQAwaAYJKoZIhvcNAQcBMB4GCWCGSAFlAwQBLjARBAx0PhimLVTX+DMyTZgCARCAOw4lsJ81gZ8KFWFc4j3USwSJ7YIR+wCz6vPPJjmjdcfR8+ai69F5mDAG6xnyrfYSDwxjEz1qKG92x9rDAgAAEACxe+k7LGBX2XNQOsho1eEcVnj5riCWOTMglv7U0DHZ0hCo0c7McqZC0UIQqdPtv5v/////AAAAAQAAAAAAAAAAAAAAAQAAAJ6c3BZ67s0stnrVhVLsvZm034qTNqcf3wAVkSdsRyMhvGRrfL+GBNz816dfg+sn5FnQbHqGOIADnCShwkIDN+rwGg0ndY636Z3SLyyZbaYBBJYaxHTCxfMcvf5x6T3mEn/lw0pg8DZbIHBCUt/nx9pDcWVo1wyOmouknU0W32fYggh/Wx6/39cqPlxJg44K6XogS3LqOnIoqlRtpDBm3iGgZ2WC0IO6jkWqOt6snVwAZzBlAjEAwRUa95VU5YU1N3DA6cmLE5kc2hIzV9u2MrTe+gFAaMNBQaWTCJOy+Liy78VqIKKvAjBLqfdTV5TUil9IxBqzndKOQBecO+p0nocS5F7jujDYOC0l5aFHk0JyRcBPqGRHjZE=,32,5,0,0,"001,004,006,007,008,010,014,015,017,019,020,022,023,024,026,027,031,032,033,055,056,057,058,068,071,072,074,082,086,088,096,097","1007,1006,1008,1009,1001",,,1,0.0,1,1,1,1,0,1,0,1,2.0,1.0,0.0,교환 2 || 판금 1 || 부식 없음,1.0,1.0,1.0,5.0,1.0,1,1.0,0.0,https://fem.encar.com/cars/detail/41635874?advClickPosition=mweb_mowoo_g31_t9982&listAdvType=mowoo&type=detail&view_type=normal,
41619032,쉐보레(GM대우),올란도,2.0 디젤 LT,세이프티팩,올란도 2.0 디젤 LT 세이프티팩,290,68,3,23너2673,,14/04식 연형정보,2014,"179,204km",179204,디젤,쥐색,대전,오토,1998,RV,7.0,41619032,,,임익환,(주)정모터스,매매,174,1226,대전 유성구 복용동로 35,214201285,,,대전 유성구 복용동로 35,0.0,0.0,-1,-1,,보험이력 공개,,일반 / 엔카직영,,"/v1/readside/vehicle/41619032?include=ADVERTISEMENT,CATEGORY,CONDITION,CONTACT,MANAGE,OPTIONS,PHOTOS,SPEC,PARTNERSHIP,CENTER,VIEW",AgV4NonMFdzbyQrHN2xO0etinvBwBfIVAH4m9pUe1aFS3KIAcQACAAdFbmNhckNrAAdFbmNhckN2ABVhd3MtY3J5cHRvLXB1YmxpYy1rZXkAREF4NzkzRDNKQ3huQXpPOFNhVFd5ejBBbzVyYXA3YmRYNnhFOXRlbXpSZkpaZll5ZWV6MWtTL0VVWEtlTElZeHhYdz09AAEAB2F3cy1rbXMAUGFybjphd3M6a21zOmFwLW5vcnRoZWFzdC0yOjI3MjM2MjQ4NzY1MzprZXkvbXJrLWRmZWEyNmY3NTVhMzQ3MjliNjkwMjRkZWZmM2M1MWFjALgBAgEAeAuqQuSJvQ+Ra4FSj55FZzS0sk+00amsb3yoAFiEYn4PAWhjJWYk+ucjh2lAccvTsigAAAB+MHwGCSqGSIb3DQEHBqBvMG0CAQAwaAYJKoZIhvcNAQcBMB4GCWCGSAFlAwQBLjARBAyAgy+Q6Yjf12qmFoACARCAO9dflIUhaia2iJe0ouVS+oRpMWsL2FPzfNwJj0sJkQrpfonnNMCwEkMNVxyXbepvqwKTllA5RehC04HVAgAAEADFryti90XjW1RVzwnS/p7JhjF8izPqFFOSiaqvpxmi4uJAFUm+4NUDPouhKbvGbHX/////AAAAAQAAAAAAAAAAAAAAAQAAAJ6zy5AV4wipx2PIRH/nYVEGwI2t04v0UkRalujn9KzUTpztZwCUgPB0+h4jqXUZw9fTuM+tzjwaTmh2/lCE6G0VMUuhXmPpAdY4FZv1dgqZHPFrBEkqsZyj/iHX+wDr52hFRtKYq6bTmNvNnNRXq8GL+yrDFo+os+gLHY4dcf3Cgc791gRE9be9foI1cpTnja2m3mVW8hm9H/iqZffV4G+QYU2e6nCiReKO4isE1S4AZzBlAjEAhAyP//cb3v2v+F47cGOjtgQLrjdS/F7hZyXOSXtsu7L+7z3FkYOt8zkHKHC0scsRAjA39Ie1bVboJBTJf9EB1BIQVisghMCducRnOtDHsP53v9/f50cUdKUKT38s29nAvNc=,32,0,0,0,"001,003,005,006,007,008,014,015,017,019,020,022,024,026,027,030,031,032,033,055,056,057,058,062,063,068,071,072,074,085,086,096",,,,0,0.0,1,1,0,1,1,1,0,1,0.0,1.0,0.0,교환 없음 || 판금 1 || 부식 없음,0.0,1.0,1.0,1.0,,1,0.0,0.0,https://fem.encar.com/cars/detail/41619032?advClickPosition=mweb_mowoo_g32_t9982&listAdvType=mowoo&type=detail&view_type=normal,
41645692,쉐보레(GM대우),임팔라,2.5 LTZ,,임팔라 2.5 LTZ,800,22,0,25수0809,1G1155SA5GU102558,15/10식 (16년형) 연형정보,2016,"85,512km",85512,가솔린,검정색,경기,오토,2457,대형차,5.0,41645692,,,전제훈,주식회사 국민중고차,매매,15,42,경기 수원시 권선구 권선로 343,,엔카진단센터 수원 서둔점,010-4522-7026,경기 수원시 권선구 권선로 343,0.0,0.0,1,-1,,보험이력 0건,0.0,일반 / 엔카직영,,"/v1/readside/vehicle/41645692?include=ADVERTISEMENT,CATEGORY,CONDITION,CONTACT,MANAGE,OPTIONS,PHOTOS,SPEC,PARTNERSHIP,CENTER,VIEW",AgV4x0It1cP55lY/D68lV0B6iYIlTjLoAfBCaCg9LuiuCQwAcQACAAdFbmNhckNrAAdFbmNhckN2ABVhd3MtY3J5cHRvLXB1YmxpYy1rZXkAREEzbDhFbDJZRkxWUHduRWVqUllGZ1M3aWpwKzljcEtDOWg0bzlCWTlTYVh3YWRjaUowYUg3VzdMM1Ardk8zbDZQdz09AAEAB2F3cy1rbXMAUGFybjphd3M6a21zOmFwLW5vcnRoZWFzdC0yOjI3MjM2MjQ4NzY1MzprZXkvbXJrLWRmZWEyNmY3NTVhMzQ3MjliNjkwMjRkZWZmM2M1MWFjALgBAgEAeAuqQuSJvQ+Ra4FSj55FZzS0sk+00amsb3yoAFiEYn4PAV4/jdBP5tF+sTM1jYmS5TQAAAB+MHwGCSqGSIb3DQEHBqBvMG0CAQAwaAYJKoZIhvcNAQcBMB4GCWCGSAFlAwQBLjARBAzuJWaREPmncLXSsXUCARCAO5vabw+UqsgQK8zswqUGc5DW6aiWcbP23SEGso3HGA8UDBYR4EjQBK7hspadr4E+b/T6+J0mNayEY6PCAgAAEACngWMKI/uRgyBhyxfggPjwhe3KvNxYy13t0ZSuCS08msWRcwhCxB+nT7BTvIo/XgX/////AAAAAQAAAAAAAAAAAAAAAQAAAJ4hVPXNSkB0B+cqlJPrmBN8toUiBE6SdKR1gx5kVAp4tG0o1HPoDD2kh7rXspeiFUKk7+QLtng2QrqVSF5iAxiisr0DMi81ljXRP5MgLPpa96UpJJwbD4xYk+dbSezuMfAmLL09xp+46TQ5rXIjWsYmDnPuddRxvVwava1tLvHjQld5YYFFIH4l00lrwcyGlG9pr8b21KuYxBfOGku7WrusXWKsIADjBDFIh7vIzxoAZzBlAjBu4meLPsLY/VFFme5MPE1R4S+PNKzQKRiwsgB+8yL3J1UeeAPM4WcH4Azitb1gmEMCMQD3AuHfVUc5yBjvbmN0EILIuOo6K+DNd5EXUNOH/Tiw3wPlMgw+ol6FqoXIfIEih80=,43,0,0,0,"001,003,004,006,007,008,014,015,017,019,020,021,022,023,024,026,027,029,030,031,032,033,034,035,051,055,056,057,058,063,068,071,072,074,077,081,082,083,086,088,094,096,097",,,,0,1.0,1,1,1,1,0,1,1,1,0.0,0.0,0.0,교환 없음 || 판금 없음 || 부식 없음,0.0,0.0,0.0,0.0,0.0,0,0.0,0.0,https://fem.encar.com/cars/detail/41645692?advClickPosition=mweb_mowoo_g33_t9982&listAdvType=mowoo&type=detail&view_type=checked,
40696960,쉐보레(GM대우),올 뉴 말리부,2.0 터보 LTZ,프리미엄,올 뉴 말리부 2.0 터보 LTZ 프리미엄,657,617,13,43노3040,KLAZA69XDHB777523,17/10식 연형정보,2017,"183,657km",183657,가솔린,검정색,서울,오토,1998,중형차,5.0,40696960,"#특옵션,#1인소유,#최저가",",블박2ch,최근배터리교체],출장판매가능",선우철,구루마,매매,54,206,서울 강서구 양천로 390,SE24-00158,엔카진단센터 강서 오토플랙스,02-2068-4223,서울 강서구 양천로 390,0.0,0.0,-1,-1,",블박2ch,최근배터리교체],출장판매가능",보험이력 3건,3.0,일반 / 엔카직영,엔카 직영성능장에서는 69개 항목을 꼼꼼히 점검합니다. 정확한 성능점검 기록으로 타사 대비 최대 55% 성능보험료가 저렴합니다.,"/v1/readside/vehicle/40696960?include=ADVERTISEMENT,CATEGORY,CONDITION,CONTACT,MANAGE,OPTIONS,PHOTOS,SPEC,PARTNERSHIP,CENTER,VIEW",AgV4l77a3ZtD4W9VEn8dYMGO6lGxrvGCZobk7u4nLBT+SeQAcQACAAdFbmNhckNrAAdFbmNhckN2ABVhd3MtY3J5cHRvLXB1YmxpYy1rZXkAREFwcVhNVGUveGhSbmpEaHBpWHdrZEhoeFNqaDVsWnFDYmVTWUU2bHlmZ0NpYVp6eFFjODFuNk43MFJIUUV3UXk1QT09AAEAB2F3cy1rbXMAUGFybjphd3M6a21zOmFwLW5vcnRoZWFzdC0yOjI3MjM2MjQ4NzY1MzprZXkvbXJrLWRmZWEyNmY3NTVhMzQ3MjliNjkwMjRkZWZmM2M1MWFjALgBAgEAeAuqQuSJvQ+Ra4FSj55FZzS0sk+00amsb3yoAFiEYn4PAUKLSTpgSc4vRrSt3PsuCgUAAAB+MHwGCSqGSIb3DQEHBqBvMG0CAQAwaAYJKoZIhvcNAQcBMB4GCWCGSAFlAwQBLjARBAwJYdKjPyUm7G6SaU0CARCAOy3fvGOPONFCFCo/JMQaKsfm8n4NHKZZxhj5HinOx3btI8pZIGbbx2hJylv5aSzHT5pWu29qPWJD8d04AgAAEAA+bCW5uw653UPA1rfOXyCBgl7JiXilyOvf4CMF6UkLW6wCzib7VWzNejHoxV9lJPH/////AAAAAQAAAAAAAAAAAAAAAQAAAJ7O0MNDGob610UssRtfIodXhcmGsRSzBvIKvCV90ZdKbT85zlgIQzaoCPtKxZmXhoZIBmOK/sgDhKWnpjPAlqpr/Q56Vw/1xCSuUS3pXnv5vUhWkIyHym+tXdEipebqMiphR+nx/GYO1d6/fXTJXeS2wr6NnPSbOUCizJtLgwisOgsjxvjv3zkBDehE2RrFxatuBtNqLpdqfsdgMe8ipDT+KBYw0/3DlKMfgeguxM4AZzBlAjAl/wTofUbVz7yyb+QcZPF46FyO2Eht1N1C7mC+6cRQ3fI8JSoxDk1Ib8WYVJxAyzYCMQCvbL7k+AwgJnpVTlpu7bep1pIrQPUbrG/zUqh0WSmNm9qiziFTcUDj2qM3X0M+HzE=,43,3,0,0,"001,004,005,006,007,008,010,014,015,017,019,020,021,022,023,024,026,027,029,030,031,032,033,034,035,051,055,056,057,058,063,068,071,072,074,077,081,082,085,088,094,096,097","1004,1003,1002",,,1,1.0,1,1,1,1,1,1,1,1,1.0,3.0,0.0,교환 1 || 판금 3 || 부식 없음,1.0,1.0,1.0,5.0,1.0,1,1.0,0.0,https://fem.encar.com/cars/detail/40696960?advClickPosition=mweb_mowoo_g34_t9982&listAdvType=mowoo&type=detail&view_type=normal,
40946243,쉐보레(GM대우),더 뉴 트레일블레이저,1.3 터보 2WD,RS,더 뉴 트레일블레이저 1.3 터보 2WD RS,2250,13,1,393우7747,KLAPC56LDSB029178,24/06식 (25년형) 연형정보,2025,"32,097km",32097,가솔린,검정색,경기,오토,1341,SUV,5.0,40946243,"#특옵션,#1인소유,#HOT",1인소유 + 비흡연 + 용도이력 없음,김용철,찐모터스,매매,1,45,경기 수원시 권선구,GC21-04783,엔카진단센터 수원 권선점,031-278-9461,경기 수원시 권선구,0.0,0.0,-1,-1,1인소유 + 비흡연 + 용도이력 없음,보험이력 3건,3.0,일반 / 엔카직영,,"/v1/readside/vehicle/40946243?include=ADVERTISEMENT,CATEGORY,CONDITION,CONTACT,MANAGE,OPTIONS,PHOTOS,SPEC,PARTNERSHIP,CENTER,VIEW",AgV4+eS7nnhfQwkRFbz6u0BHWfCUaNulk+aYalz632Zq2WcAcQACAAdFbmNhckNrAAdFbmNhckN2ABVhd3MtY3J5cHRvLXB1YmxpYy1rZXkAREEvYWxVMEdFYnkxYXdrRGRTNVdVYzZjNnFPbHFnM3NIYVVjWmZWTG5nUm94Q09jdkdISmYwRXhLYkFuaU8xWWZTdz09AAEAB2F3cy1rbXMAUGFybjphd3M6a21zOmFwLW5vcnRoZWFzdC0yOjI3MjM2MjQ4NzY1MzprZXkvbXJrLWRmZWEyNmY3NTVhMzQ3MjliNjkwMjRkZWZmM2M1MWFjALgBAgEAeAuqQuSJvQ+Ra4FSj55FZzS0sk+00amsb3yoAFiEYn4PAeEdzNJPkaZ2Tk1/vk3j4oEAAAB+MHwGCSqGSIb3DQEHBqBvMG0CAQAwaAYJKoZIhvcNAQcBMB4GCWCGSAFlAwQBLjARBAxFHr6u3cK8NDtp508CARCAO3yI2aB+QCKnUttWOXeYe+oI80+rMCXCw8odJO3HuZWKBWuTf0Rk5jpOWPtsEezAOqXsI3w5crHqnx2yAgAAEAD/emGPIH6xzylPZwDZ07me7uB8oXCew0zJ5/TGq58bgvDlxBBDYoztgSvdmM5zmqP/////AAAAAQAAAAAAAAAAAAAAAQAAAJ6KqCB0Xqh24CpNifVoO9hY2ogJQEjt0OsDBG9+t8gx6ZjVyHeFU+FecQCtsUAkpDUoXEOKRVy6LtHAwEK5fVN8H4dZdJcALQ9/J5Xxr8ywhh7o+5jdlXK2A7V+cLQpv4LgfkzHmmZH5dUk51frM2Fvy2HQHdsVoYc8jZZIH7oXeOB6nLHZVoEo62SvaWbV6T8qawmFIBEC4/cGmFlyalyX/7KtaIYUEJ19tnRdAo4AZzBlAjAuf+W5cZA/YSGfCqcu3t/vH3ILzMQU4VaBkhk4bLkQUeW9oRtwu2+WMY3F4TPKaJ8CMQDGV4+7D+4ODm6dV5YPb4xsVN4pl8izFI7egy9TyZzC4iNjyfOxuLECW9xQYaeb6OQ=,39,2,0,0,"001,006,007,008,014,015,017,019,020,021,022,023,024,026,027,030,031,032,033,034,055,056,057,058,059,062,063,072,074,075,077,079,081,082,086,088,094,096,097","10001,10002",,,0,,1,1,1,1,0,1,1,1,1.0,1.0,0.0,교환 1 || 판금 1 || 부식 없음,1.0,1.0,1.0,3.0,1.0,1,0.0,0.0,https://fem.encar.com/cars/detail/40946243?advClickPosition=mweb_mowoo_g35_t9982&listAdvType=mowoo&type=detail&view_type=normal,1.0
39663526,쉐보레(GM대우),알페온,EL240,프리미엄,알페온 EL240 프리미엄,365,803,6,23우2722,,13/02식 연형정보,2013,"107,800km",107800,가솔린,검정색,서울,오토,2384,대형차,5.0,39663526,,,김명철,(주)유니콘모터스,매매,15,145,서울 강남구,SE22-00570,,,서울 강남구,0.0,0.0,-1,-1,,보험이력 공개,,일반 / 엔카직영,,"/v1/readside/vehicle/39663526?include=ADVERTISEMENT,CATEGORY,CONDITION,CONTACT,MANAGE,OPTIONS,PHOTOS,SPEC,PARTNERSHIP,CENTER,VIEW",AgV4X0ten3Dyd08+hQ/ekjVSJsxMsjIuP/SjPc9HOzXm7rQAcQACAAdFbmNhckNrAAdFbmNhckN2ABVhd3MtY3J5cHRvLXB1YmxpYy1rZXkAREFwS0RNRUJBZ0FHWXYwVzNhUWwzMXZFVDVxYkhtUVpaamNVYm5LdEovNFh1NS9qb1AxTmcxVEFnQ3BacXRiV2dQQT09AAEAB2F3cy1rbXMAUGFybjphd3M6a21zOmFwLW5vcnRoZWFzdC0yOjI3MjM2MjQ4NzY1MzprZXkvbXJrLWRmZWEyNmY3NTVhMzQ3MjliNjkwMjRkZWZmM2M1MWFjALgBAgEAeAuqQuSJvQ+Ra4FSj55FZzS0sk+00amsb3yoAFiEYn4PASaIUZYlE5bo/bpDoFmE+aAAAAB+MHwGCSqGSIb3DQEHBqBvMG0CAQAwaAYJKoZIhvcNAQcBMB4GCWCGSAFlAwQBLjARBAwGaL1Se3+ajdlW9XYCARCAO+e2W9BaaGZHa3P37GvJ0cjWsO7J+elBMCT9wBdrNsdLbQuQASt1YPxTwGOW69w4QsU/sxMWbs8DCZYHAgAAEAD6pN5eAY3CneNR19ZSqypsu7F4DFkNs1vcj9QGQ3GwbVYxwPa+awqgD+tdJ0o2WpT/////AAAAAQAAAAAAAAAAAAAAAQAAAJ6nGo4aa60ao08s+goqVM0zx8fMwXvCKh8Z9wCEif4pLwkmpBcYlXputt0G2lWJKXOr/+JamxvDWzpFHUG0kp2DyDA5AvNci3ueIR1iRrys6mnd16LCTWjt2q+d5rIQuzrGK5ghf2ZQzAOuC6h/IJegOUTsuyAKFJ/KpLXHcXdD6PBxeX3Z7LURHuhwwgWSRzIfJAPuxyTaitwBYPrsWUjwEbblpKi8GZmR8Inr62kAZzBlAjAvJITDr9skweYyVZnh4XLYsF18x1w4ZW7SqxA59/1yMnkojfgCQ7TWoAoHr3m1dswCMQDPXIOEL2yOdxybthz7sJP+febI5BxvT7mt66F4WMZ13Rq5ryizXsnPXkbKlNRauQs=,39,2,2,0,"001,003,004,006,007,008,014,015,017,019,020,021,022,023,024,026,027,029,030,031,032,033,034,035,051,055,056,057,058,063,071,072,074,077,081,088,094,096,097","1006,1005","023,024",,0,1.0,1,1,1,1,0,1,1,1,4.0,0.0,0.0,교환 4 || 판금 없음 || 부식 없음,1.0,0.0,1.0,8.0,,1,1.0,0.0,https://fem.encar.com/cars/detail/39663526?advClickPosition=mweb_mowoo_g36_t9982&listAdvType=mowoo&type=detail&view_type=normal,
41519958,쉐보레(GM대우),말리부,2.0 LT 디럭스팩,,말리부 2.0 LT 디럭스팩,600,528,14,138저1067,KLAGA692DEB039052,14/05식 연형정보,2014,"35,021km",35021,가솔린,흰색,경기,오토,1998,중형차,5.0,41519958,,,최승민,울트라모터스,매매,19,33,경기 수원시 권선구 권선로 308-5,GC24-05976,엔카진단센터 수원 고색점,031-291-4123,경기 수원시 권선구 권선로 308-5,0.0,0.0,0,-1,,보험이력 5건,5.0,일반 / 엔카직영,,"/v1/readside/vehicle/41519958?include=ADVERTISEMENT,CATEGORY,CONDITION,CONTACT,MANAGE,OPTIONS,PHOTOS,SPEC,PARTNERSHIP,CENTER,VIEW",AgV4Sl2jR4pvTRXd5B90CUQxxufU0VpcivSRTTcGQTtbFA4AcQACAAdFbmNhckNrAAdFbmNhckN2ABVhd3MtY3J5cHRvLXB1YmxpYy1rZXkAREF3cDU4QXQ2NlRiNWdWbHBCVlJBZUY1MWYwMGpmNGxXdHV1alFwQmNMMzdmbVV4MTdqbmJjUU9Qem5WUUxzdmdQUT09AAEAB2F3cy1rbXMAUGFybjphd3M6a21zOmFwLW5vcnRoZWFzdC0yOjI3MjM2MjQ4NzY1MzprZXkvbXJrLWRmZWEyNmY3NTVhMzQ3MjliNjkwMjRkZWZmM2M1MWFjALgBAgEAeAuqQuSJvQ+Ra4FSj55FZzS0sk+00amsb3yoAFiEYn4PAcEqxwT5Xt9SWEQ64hEqejkAAAB+MHwGCSqGSIb3DQEHBqBvMG0CAQAwaAYJKoZIhvcNAQcBMB4GCWCGSAFlAwQBLjARBAxIg/UoE0zPKOEqKoMCARCAOziC6OCChOVCAPpE/SHLhnSXr3KXnlJ3L9+06zCEUc051Tq2ptYtEpPf60+qYlqU60RKK+6NtBxPbibSAgAAEADQviD+vfNU2R9rP8BNZPANwCYOkV5tLMAJgujtyZVaDIDX1xXBUW+HWpWHSlTh/0H/////AAAAAQAAAAAAAAAAAAAAAQAAAJ67EsTkwpWwgEiwn3Z+iSCwplCxl567t0bmfKvi7zR8OwZGW8Y4iYm5GWbfi6HDQ6HJ2MEh/ybrscsWwEI+1ueLprqePA/PHT8Uo0u4hPaLk2I4Txf9f7PtT0yJ7QkkaavDBQ3FA0LxtuNf/M9WQrdZ0xBIKqJyXnAIeg8mInvkvD6NZfsczhIrOpD4XiRAHm0/PDzM+j56ZarDOrmpJjKAv5WvoH2Hxy9cDMkRpNIAZzBlAjBfbMcwPbzh8OkLvM2rMmiElh9fysTpMVHnMKsYcNFZ7ZDcxJKp8s2OCEhVHA2g5tQCMQDCzG2f4pTYmuiz8qaLBi8IP4uVaA/n5lIEzKovIEk6AC/iWa4cleTPszvK0ao15Yc=,36,1,0,0,"001,003,004,005,006,007,008,014,015,017,019,020,021,022,023,024,026,027,030,031,032,033,035,051,055,056,057,058,063,068,071,072,074,081,094,097",1002,,,0,0.0,1,1,1,1,1,1,0,1,2.0,0.0,0.0,교환 2 || 판금 없음 || 부식 없음,1.0,0.0,1.0,4.0,1.0,1,1.0,0.0,https://fem.encar.com/cars/detail/41519958?advClickPosition=mweb_mowoo_g37_t9982&listAdvType=mowoo&type=detail&view_type=checked,
41477855,쉐보레(GM대우),트랙스,1.4 LT,,트랙스 1.4 LT,380,899,3,16머4463,KLABA76BDEB557347,13/10식 (14년형) 연형정보,2014,"137,447km",137447,가솔린,흰색,경기,오토,1362,SUV,5.0,41477855,"#HOT,#COOL,#양호",엔카 실촬영,김현남,(주)픽플러스,매매,41,158,경기 고양시 일산동구,GG20-02141,엔카진단센터 일산점,031-932-8543,경기 고양시 일산동구,0.0,0.0,-1,-1,엔카 실촬영,보험이력 17건,17.0,일반 / 엔카직영,엔카 직영성능장에서는 69개 항목을 꼼꼼히 점검합니다. 정확한 성능점검 기록으로 타사 대비 최대 55% 성능보험료가 저렴합니다.,"/v1/readside/vehicle/41477855?include=ADVERTISEMENT,CATEGORY,CONDITION,CONTACT,MANAGE,OPTIONS,PHOTOS,SPEC,PARTNERSHIP,CENTER,VIEW",AgV4avc+v5oPqGn8lOIJcUmJFY7W4lHztQU2PABLT9ynI5EAcQACAAdFbmNhckNrAAdFbmNhckN2ABVhd3MtY3J5cHRvLXB1YmxpYy1rZXkAREFtd3BLOFVES1IvdzhoZnRmQk9LSjIwUEkybDF2eHQvVjdaekhWQUJDMUtUOVFjUk5CTm1SUXNFUkRML2hUMld6Zz09AAEAB2F3cy1rbXMAUGFybjphd3M6a21zOmFwLW5vcnRoZWFzdC0yOjI3MjM2MjQ4NzY1MzprZXkvbXJrLWRmZWEyNmY3NTVhMzQ3MjliNjkwMjRkZWZmM2M1MWFjALgBAgEAeAuqQuSJvQ+Ra4FSj55FZzS0sk+00amsb3yoAFiEYn4PAeJT02dDKGspcnJPxpApf2oAAAB+MHwGCSqGSIb3DQEHBqBvMG0CAQAwaAYJKoZIhvcNAQcBMB4GCWCGSAFlAwQBLjARBAywVrpL62bT5LDHPAUCARCAO+zKPGg70bZ1HmVg5nAJoLgh2XORXdR/bPf0nRJB0UdyZMXcxiyY85jVF+Aomh+R7UfA5JhAz0i/TehJAgAAEAC+/jxMfC2ITJVQlErM4jBS8Em0hmFUBq/NimN5f/kr+DIJGRMff/FIw8LhLBAfKd//////AAAAAQAAAAAAAAAAAAAAAQAAAJ7LPAbBfEZZjCcsHaJyLeEcX3jFVXVqOmJTsg4ZjOiE3Zv/yq6s3zkHEtyOBosGtldq+uhw7oP+NK4s3oNqSaHkgdelvVtfaXo1nGVYaovw9eStsC630wppxwqzJlyhSsGCS9nNU3LxxD5nKJwtevKBhZ/yX9IKC83IfhJA2YqA91oz4KyKzW8714DCLxllUFn3z+2otusnEntnngJhKoEBh1lRqAIYXq87A4WVVp8AZzBlAjAZJ3CdGYvmTzH0Ii4p6NS73QG8hBecZQKMy5Vod+KC1Jc5Z3YpjB70Lq9Aip1nkfECMQDkisOup6DlN27Mn4whPNlGd7QiVEE9xQna1V9InHnJ1LWTj1qRJBBKDVxpuz25cWM=,27,1,0,0,"001,003,004,006,007,008,014,015,017,019,020,021,022,024,026,027,031,032,033,055,056,058,062,068,071,072,096",1004,,,0,0.0,1,1,0,0,0,1,0,1,6.0,1.0,0.0,교환 6 || 판금 1 || 부식 없음,1.0,1.0,1.0,13.0,1.0,1,1.0,0.0,https://fem.encar.com/cars/detail/41477855?advClickPosition=mweb_mowoo_g38_t9982&listAdvType=mowoo&type=detail&view_type=normal,
41364584,쉐보레(GM대우),올 뉴 크루즈,1.4 터보 LTZ,,올 뉴 크루즈 1.4 터보 LTZ,680,2237,25,51보4083,,17/04식 연형정보,2017,"57,106km",57106,가솔린,쥐색,경남,오토,1399,준중형차,5.0,41364584,,,김열희,슈퍼모터스,매매,6,17,경남 창원시 진해구,22-05500043,,,경남 창원시 진해구,0.0,0.0,-1,-1,,보험이력 공개,,일반 / 엔카직영,,"/v1/readside/vehicle/41364584?include=ADVERTISEMENT,CATEGORY,CONDITION,CONTACT,MANAGE,OPTIONS,PHOTOS,SPEC,PARTNERSHIP,CENTER,VIEW",AgV4g9ZXLc36HUDyWMQwlVUcrm3+UEjqDj2SKDYtelEfa34AcQACAAdFbmNhckNrAAdFbmNhckN2ABVhd3MtY3J5cHRvLXB1YmxpYy1rZXkAREFqbTUvbzdxV3BYZjZOZnJxUzZsVElQZmpoSnVsNFZVTGlka0VyYzlOK0RzaDdkM0hXclFXdVdpaGNRNXlCazBSUT09AAEAB2F3cy1rbXMAUGFybjphd3M6a21zOmFwLW5vcnRoZWFzdC0yOjI3MjM2MjQ4NzY1MzprZXkvbXJrLWRmZWEyNmY3NTVhMzQ3MjliNjkwMjRkZWZmM2M1MWFjALgBAgEAeAuqQuSJvQ+Ra4FSj55FZzS0sk+00amsb3yoAFiEYn4PAdMEY6B3cUDuJJT3OzxLeA4AAAB+MHwGCSqGSIb3DQEHBqBvMG0CAQAwaAYJKoZIhvcNAQcBMB4GCWCGSAFlAwQBLjARBAwAy0euKaR6ySyVHIsCARCAO+hIwABs+2PdFeqfPzVdLU3FbpgtDE2V6tKSjuvo6IfUzhDQt7oyU5E8j6sjJUAkskQMfevp3GvZUYUPAgAAEACsZiU8vyyyKY3fSbsTJdcvygFo8YJTYjDo6ibN8pTJY2PWmgHJOb5nwI6xnDrkf8H/////AAAAAQAAAAAAAAAAAAAAAQAAAJ52YoNu2SUlQP200wl/FYrWE5EUMscFtFYZ3OCZq0+jq4sG+06W9mVRHrx9j09f5hO3EXZV169g6l/FZHn8ZTCazvytD6mAhpVJPrZGLDM3//7JVSIxGtdMnwAFh4Yy2fzpsxMqhqmyoI+AiflA2kLRAB20HoG0IHV0jtUBPsQTelBukWkVGLZmMOjC+NFRcABU3iC3p5rehvtXDw9J0H5wcyJTOKpzosy/ySeygS4AZzBlAjB5lqZCtSN/Su+JybdJNZHvyBCDoRTk9tnbWL6Bpk/67b7UK2/ql/df5VnT3sh1LIcCMQCYBUmQ3PmUcQimT7lTaC/vs5d4HVu2XRJoEwsDv0bmwYc7ktmxLgf51x+yBx9ZIdE=,32,1,0,0,"001,004,006,007,008,014,015,017,019,020,022,023,024,026,027,030,031,032,033,055,056,057,058,068,071,072,074,081,082,085,096,097",1010,,,0,0.0,1,1,1,1,0,1,0,1,4.0,0.0,0.0,교환 4 || 판금 없음 || 부식 없음,1.0,0.0,1.0,8.0,,1,1.0,0.0,https://fem.encar.com/cars/detail/41364584?advClickPosition=mweb_mowoo_g39_t9982&listAdvType=mowoo&type=detail&view_type=normal,
41104580,쉐보레(GM대우),더 뉴 말리부,2.0 터보 퍼펙트 블랙,,더 뉴 말리부 2.0 터보 퍼펙트 블랙,889,1456,3,60나9794,,19/04식 연형정보,2019,"105,808km",105808,가솔린,검정색,대전,오토,1998,중형차,5.0,41104580,,엔진밋션짱짱 하부미세누유없음,김서한,카우자동차,매매,2,36,대전 서구 월드컵대로484번길 45,2304201152,,,대전 서구 월드컵대로484번길 45,0.0,0.0,-1,-1,,보험이력 10건,10.0,일반 / 엔카직영,,"/v1/readside/vehicle/41104580?include=ADVERTISEMENT,CATEGORY,CONDITION,CONTACT,MANAGE,OPTIONS,PHOTOS,SPEC,PARTNERSHIP,CENTER,VIEW",AgV4TNnj1D9rLOijUn3/h9B7BBMFhTYtMy/9D37eyOFXQ60AcQACAAdFbmNhckNrAAdFbmNhckN2ABVhd3MtY3J5cHRvLXB1YmxpYy1rZXkAREEwU3VGci84bUJaeXVKOEtodGs3OUF1U3NyclkzNTNVMFZwcWY4dDhXSGRtWittekRvZWh5VDA0VCtSRzVWNDBiZz09AAEAB2F3cy1rbXMAUGFybjphd3M6a21zOmFwLW5vcnRoZWFzdC0yOjI3MjM2MjQ4NzY1MzprZXkvbXJrLWRmZWEyNmY3NTVhMzQ3MjliNjkwMjRkZWZmM2M1MWFjALgBAgEAeAuqQuSJvQ+Ra4FSj55FZzS0sk+00amsb3yoAFiEYn4PAY1/AHK56+tauYNX/e7zde0AAAB+MHwGCSqGSIb3DQEHBqBvMG0CAQAwaAYJKoZIhvcNAQcBMB4GCWCGSAFlAwQBLjARBAxLG9VmjldGjJI4j3oCARCAOwbL336fM4BBo4acDZjhBPC3foLdrk1fHBsRqajlTJG/lnkprVIEkctij5jJZqezUNQ6rNsSQ5Fg0MAcAgAAEAA21erVypT19s61OZ/6S6lL+q7UxwjpP0RFNZOmnKB2z4O8pFfiCLZxtrTztpvdnHz/////AAAAAQAAAAAAAAAAAAAAAQAAAJ4HhZg8eUfhzxs5LiSoXIp3GUVWeu0oU8STaSAylmduIQ2/AKOY+divA1S0nD1/6jkXs8dOR5ewzyN5ahoqXg6fGnQFGbYTmve8boZGHxvYZwzOrG7u7eK1/wjCV0igjd3Iw7A0Aqs6p/2uaSRW3hiIcOrpn7P4PHCl/47rPJCegCH5cgkQS0iaHoOahJW5KN1tBMrEOqOuphgMRkzRnOwEydcq9eHoPqzYXkLhF20AZzBlAjBFzvv2p45RxZvck4glTNvMYaZpIzPjaOlfsOilznUzU54urVftGNjnSzM2ZUTzoH8CMQCE61ZL6bDIjUHgpvYGyD1o3sf7Sp6aj19T+bLM9vCP1zk9RUg7aHyYCN28XPEs81E=,43,2,1,0,"001,004,005,006,007,008,014,015,017,019,020,021,022,023,024,026,027,030,031,032,033,034,035,051,055,056,057,058,063,071,072,074,075,077,079,081,082,085,086,088,094,096,097","1009,1010",023,,0,,1,1,1,1,1,1,1,1,5.0,0.0,0.0,교환 5 || 판금 없음 || 부식 없음,1.0,0.0,1.0,10.0,1.0,1,1.0,0.0,https://fem.encar.com/cars/detail/41104580?advClickPosition=mweb_mowoo_g40_t9982&listAdvType=mowoo&type=detail&view_type=normal,1.0
